Country Name,Country Code,Indicator Name,Indicator Code,1960,1961,1962,1963,1964,1965,1966,1967,1968,1969,1970,1971,1972,1973,1974,1975,1976,1977,1978,1979,1980,1981,1982,1983,1984,1985,1986,1987,1988,1989,1990,1991,1992,1993,1994,1995,1996,1997,1998,1999,2000,2001,2002,2003,2004,2005,2006,2007,2008,2009,2010,2011,2012,2013,2014,2015,2016,2017,2018,2019,2020,2021
Aruba,ABW,"Mortality rate, neonatal (per 1,000 live births)",SH.DYN.NMRT,,,,,,,,,,,,,,,,,,,,,,,,,,,,,,,,,,,,,,,,,,,,,,,,,,,,,,,,,,,,,,
Africa Eastern and Southern,AFE,"Mortality rate, neonatal (per 1,000 live births)",SH.DYN.NMRT,,,,,,,,,,,,,,,,,,,,,,,,,,,,,,,42.90579459,42.4641315,42.04998585,41.60314172,41.23510012,40.73128388,40.25653419,39.69753677,39.08095381,38.41134605,37.67115207,36.86857678,36.03043776,35.1846309,34.32607447,33.50210187,32.74777947,31.97290805,31.262069,30.56522362,29.88193945,29.22051347,28.57428522,27.95688633,27.348936,26.7837127,26.22490573,25.69128825,25.13165636,24.5979354,24.07738078,
Afghanistan,AFG,"Mortality rate, neonatal (per 1,000 live births)",SH.DYN.NMRT,,,,,,,,,,,,,,,,,,,,,,,,,,,,78.9,77.3,75.9,74.3,72.8,71.3,69.8,68.4,67,65.7,64.4,63.2,62.1,60.9,59.7,58.5,57.2,55.9,54.6,53.2,51.7,50.3,48.9,47.4,46,44.6,43.2,41.9,40.5,39.3,38.2,37.2,36.1,35.2,
Africa Western and Central,AFW,"Mortality rate, neonatal (per 1,000 live births)",SH.DYN.NMRT,,,,,,,,,,,,,,,,,,,,,,,,,,,,,,,49.3385665,48.96118018,48.6976731,48.44827114,48.12707052,47.72239968,47.24722024,46.62624956,45.8482107,44.93692624,43.95216135,42.90921397,41.84866308,40.86544028,39.90788885,39.00919165,38.21358493,37.51933436,36.88893011,36.26164215,35.69794091,35.19385313,34.74189555,34.35797657,33.95211279,33.57905619,33.16771618,32.72579699,32.21974168,31.73890801,31.25205305,
Angola,AGO,"Mortality rate, neonatal (per 1,000 live births)",SH.DYN.NMRT,,,,,,,,,,,,,,,,,,,,,,,,,,,,,,53.7,53.6,53.6,53.6,53.5,53.4,53.2,53,52.6,52,51.2,50.3,49.2,48,46.5,45.1,43.5,42,40.5,39,37.7,36.3,35.1,33.8,32.7,31.7,30.8,30,29.2,28.6,27.9,27.3,
Albania,ALB,"Mortality rate, neonatal (per 1,000 live births)",SH.DYN.NMRT,,,,,,,,,,,,,,,,,,,,22.9,21.5,20.1,18.7,17.3,16.2,15.3,14.6,14.1,13.5,13,12.6,12.4,12.4,12.5,12.4,12.4,12.5,12.5,12.5,12.4,12.1,11.8,11.4,11.1,10.9,10.6,10,9.2,8.3,7.4,6.7,6.2,6,5.9,5.9,6,6.3,6.7,7.1,7.5,7.8,
Andorra,AND,"Mortality rate, neonatal (per 1,000 live births)",SH.DYN.NMRT,,,,,,,,,,,,,,,,,,,,,,,,,,,,,,7.9,7.4,6.9,6.5,6.1,5.7,5.3,4.9,4.6,4.3,4,3.8,3.6,3.3,3.2,3,2.9,2.7,2.6,2.5,2.3,2.2,2.1,2,1.9,1.8,1.7,1.6,1.5,1.4,1.4,1.3,
Arab World,ARB,"Mortality rate, neonatal (per 1,000 live births)",SH.DYN.NMRT,,,,,,,,,,,,,,,,,,,,,,,,,,,,,,,31.41829592,30.69708367,30.01608994,29.33806757,28.68870381,28.09089128,27.52035483,26.97330003,26.46943623,25.95952225,25.43366271,24.93281577,24.44103019,23.9299708,23.37480051,22.8193077,22.23770667,21.65908974,21.01697136,20.42271206,19.81082997,19.32042084,18.88427645,18.45402447,18.00301048,17.61914483,17.33249392,17.11626306,16.87736007,16.65764201,16.40627526,
United Arab Emirates,ARE,"Mortality rate, neonatal (per 1,000 live births)",SH.DYN.NMRT,,,,,,,,,,,,,,,,,,,18.2,17.1,15.9,14.5,13.3,12.2,11.4,10.6,10,9.5,9,8.6,8.2,7.9,7.6,7.3,7.1,6.8,6.6,6.4,6.2,6,5.9,5.7,5.6,5.5,5.3,5.2,5.1,5,4.9,4.8,4.6,4.5,4.4,4.3,4.2,4.1,4,3.9,3.8,3.7,3.6,
Argentina,ARG,"Mortality rate, neonatal (per 1,000 live births)",SH.DYN.NMRT,,,,,,,,,,,24.9,24.7,24.6,24.6,24.5,24.1,23.3,22.3,21.4,20.4,19.2,17.6,16.2,15.5,16.1,16.9,17.1,16.8,16.2,15.6,15,14.7,14.6,14.5,14.2,13.6,12.6,11.5,10.9,10.9,11,11,10.8,10.3,9.7,9.1,8.7,8.4,8.1,7.8,7.6,7.5,7.6,7.4,6.9,6.5,6.4,6.3,6,5.3,4.6,
Armenia,ARM,"Mortality rate, neonatal (per 1,000 live births)",SH.DYN.NMRT,,,,,,,,,,,,,,,,,,27.8,27.2,26.5,26,25.5,25,24.6,24.4,24.1,23.9,23.7,24.1,23.1,22.8,22.3,21.8,21.2,20.6,20,19.4,18.6,17.7,16.9,16.1,15.3,14.5,13.8,13.1,12.5,11.9,11.3,10.7,10.1,9.6,9.1,8.7,8.2,7.8,7.4,7,6.7,6.4,6,5.7,
American Samoa,ASM,"Mortality rate, neonatal (per 1,000 live births)",SH.DYN.NMRT,,,,,,,,,,,,,,,,,,,,,,,,,,,,,,,,,,,,,,,,,,,,,,,,,,,,,,,,,,,,,,
Antigua and Barbuda,ATG,"Mortality rate, neonatal (per 1,000 live births)",SH.DYN.NMRT,,,,,,,,,,,,16.1,15,14.2,13.5,12.8,12.2,11.5,10.7,10,9.3,8.7,8.1,7.7,7.5,7.3,7.3,7.4,7.5,7.8,8.1,8.4,8.8,9.1,9.4,9.7,9.8,9.9,9.9,9.8,9.7,9.5,9.3,8.9,8.6,8.2,7.7,7.3,6.8,6.3,5.8,5.4,5.1,4.7,4.5,4.2,4.1,3.9,3.8,3.6,3.5,
Australia,AUS,"Mortality rate, neonatal (per 1,000 live births)",SH.DYN.NMRT,,,,,,,,,12.9,12.8,12.6,12.4,12.1,11.7,11.1,10.4,9.6,8.9,8.2,7.6,7.1,6.7,6.4,6.1,5.9,5.7,5.5,5.3,5.1,4.8,4.6,4.4,4.2,4,3.9,3.7,3.7,3.6,3.6,3.5,3.5,3.5,3.4,3.4,3.3,3.2,3.1,3,2.9,2.8,2.7,2.6,2.5,2.4,2.4,2.3,2.3,2.3,2.3,2.4,2.4,
Austria,AUT,"Mortality rate, neonatal (per 1,000 live births)",SH.DYN.NMRT,23.6,22.7,22,21.3,20.6,20.1,19.7,19.3,18.9,18.8,18.9,18.9,18.6,17.8,16.6,14.9,13.2,11.7,10.5,9.6,8.9,8.4,7.9,7.5,7,6.6,6.1,5.6,5.2,4.8,4.6,4.4,4.2,4,3.7,3.5,3.4,3.2,3.2,3.1,3.1,3.1,3.1,3,2.9,2.8,2.8,2.7,2.6,2.6,2.5,2.4,2.4,2.3,2.3,2.2,2.2,2.2,2.2,2.3,2.3,
Azerbaijan,AZE,"Mortality rate, neonatal (per 1,000 live births)",SH.DYN.NMRT,,,,,,,,,,,,,,,,,,,,,,,,30.4,29.9,29.2,28.7,28.5,28.7,29.3,30.4,31.8,33.3,34.6,35.7,36.5,36.9,36.9,36.4,35.5,34.3,32.8,31.3,29.8,28.3,26.8,25.5,24.1,22.8,21.6,20.3,18.8,17.3,16,14.7,13.5,12.5,11.7,10.9,10.4,9.8,
Burundi,BDI,"Mortality rate, neonatal (per 1,000 live births)",SH.DYN.NMRT,,,,,50,50.1,50.1,50.2,50.3,50.3,50.1,49.9,50.8,49.5,49.2,48.9,48.6,48.1,47.4,46.7,45.8,44.7,43.7,42.6,41.7,40.8,40.2,39.7,39.5,39.5,39.4,39.4,39.2,39.5,39,38.8,38.6,38.2,37.7,37.2,36.6,36,35.4,34.8,34.1,33.2,32.3,31.3,30.2,29.2,28.2,27.1,26.1,25.2,24.4,23.6,23,22.4,21.8,21.3,20.9,
Belgium,BEL,"Mortality rate, neonatal (per 1,000 live births)",SH.DYN.NMRT,20,18.8,17.9,17.2,16.8,16.5,16.3,15.9,15.3,14.6,14,13.5,13.1,12.7,12.1,11.3,10.4,9.6,8.8,8.2,7.6,7.2,6.8,6.4,6,5.7,5.5,5.3,5,4.8,4.6,4.4,4.2,4.1,4,3.8,3.6,3.4,3.3,3.1,3,2.8,2.8,2.7,2.7,2.6,2.6,2.5,2.5,2.4,2.3,2.3,2.3,2.3,2.3,2.3,2.3,2.3,2.4,2.4,2.4,
Benin,BEN,"Mortality rate, neonatal (per 1,000 live births)",SH.DYN.NMRT,64.1,63.7,63.3,62.8,62.2,61.6,60.9,60.3,59.7,59,58.4,57.7,57.1,56.4,55.7,55,54.3,53.7,53,52.3,51.6,50.9,50.2,49.6,49,48.4,47.8,47.2,46.5,45.9,45.2,44.4,43.7,43,42.4,41.9,41.4,40.9,40.4,39.7,39,38.3,37.6,36.8,36.2,35.8,35.3,35,34.6,34.3,33.9,33.5,33.1,32.7,32.3,31.9,31.5,31.1,30.6,30.2,29.7,
Burkina Faso,BFA,"Mortality rate, neonatal (per 1,000 live births)",SH.DYN.NMRT,,,,,,,,,,71.3,71.5,71.7,71.8,71.5,70.7,69.3,67.4,65.4,63.4,61.7,60.2,59,57.8,56.5,54.9,53.1,51.2,49.4,47.9,46.7,45.8,45.2,44.8,44.4,44,43.5,43.1,42.6,42,41.4,40.7,39.9,39.2,38.3,37.2,36,34.8,33.7,32.7,31.9,31.2,30.5,29.9,29.3,28.8,28.2,27.7,27.3,26.7,26.2,25.8,
Bangladesh,BGD,"Mortality rate, neonatal (per 1,000 live births)",SH.DYN.NMRT,102.7,101,99.3,97.7,96.2,95.1,94.2,93.7,93.4,93.5,94.4,96.3,94.1,94.3,94.4,94.3,94,93.3,92.2,90.8,89.1,86.9,84.5,81.9,79.3,76.8,74.5,72.3,70.1,67.8,65.6,63.3,61.1,58.8,56.4,54.2,52,49.9,47.9,45.9,44,42.2,40.4,38.8,37.3,35.9,34.5,33.1,31.8,30.6,29.4,28.2,27.1,25.9,24.8,23.6,22.4,20.9,19.7,18.5,17.5,
Bulgaria,BGR,"Mortality rate, neonatal (per 1,000 live births)",SH.DYN.NMRT,,,,,14.9,14.6,14.4,14.3,14.1,13.8,13.4,13.3,13.5,13.8,13.7,13.2,12.5,11.8,11.3,10.8,10.4,10.1,9.7,9.2,8.8,8.5,8.1,7.8,7.6,7.7,8,8.5,8.7,8.7,8.6,8.5,8.4,8.3,8.3,8.1,7.9,7.6,7.3,6.9,6.4,6,5.6,5.3,5.2,5.2,5.1,5,4.8,4.5,4.3,4.1,3.9,3.7,3.4,3.2,3,
Bahrain,BHR,"Mortality rate, neonatal (per 1,000 live births)",SH.DYN.NMRT,,,,,,,,,,,,29.9,27.9,26.1,24.4,23,21.8,21,20.3,19.3,18.6,18.1,17.8,17.5,17.2,16.9,16.6,16.3,16,15.7,15.2,14.5,13.5,12.3,10.9,9.4,8,6.9,5.9,5.2,4.7,4.4,4.1,3.9,3.7,3.6,3.4,3.3,3.2,3.2,3.2,3.2,3.2,3.2,3.2,3.2,3.2,3.1,3.1,3,2.9,
"Bahamas, The",BHS,"Mortality rate, neonatal (per 1,000 live births)",SH.DYN.NMRT,,,,,,,,,,20.9,21,21,21.2,21.4,21.6,21.6,21.3,20.8,20,19.2,18.5,17.9,17.5,17.2,17.1,16.9,16.6,16.1,15.5,14.7,13.8,12.9,12.1,11.2,10.4,9.7,9.1,8.6,8.2,8,8,8.2,8.3,8.5,8.6,8.7,8.7,8.6,8.5,8.3,8.1,7.9,7.8,7.7,7.5,7.4,7.3,7.2,7,6.9,6.6,
Bosnia and Herzegovina,BIH,"Mortality rate, neonatal (per 1,000 live births)",SH.DYN.NMRT,,,,,,,,,,,,,,,,,,,,,,,,,,15.5,14.1,13,12.1,11.6,11.3,11,10.9,10.4,9.8,9.1,8.6,8.2,7.8,7.3,6.9,6.5,6.2,5.9,5.7,5.5,5.4,5.3,5.3,5.2,5.1,5,4.9,4.8,4.7,4.6,4.5,4.4,4.3,4.2,4.1,
Belarus,BLR,"Mortality rate, neonatal (per 1,000 live births)",SH.DYN.NMRT,,,,,,,,,,,,,,,,,,,,,,,,,,,,,,8.5,8.3,8.2,8.2,8.2,8.2,8.1,7.9,7.5,7.1,6.6,6,5.5,5,4.5,4,3.5,3,2.6,2.2,2,1.8,1.7,1.7,1.7,1.6,1.6,1.5,1.4,1.2,1.1,1,
Belize,BLZ,"Mortality rate, neonatal (per 1,000 live births)",SH.DYN.NMRT,,,,,,,,,35.8,34.9,34.1,33.4,32.7,32,31.2,30.6,30,29.3,28.6,27.7,26.9,26,25.1,24.3,23.5,22.7,21.8,21,20.2,19.4,18.6,17.9,16.8,15.9,15.2,14.5,13.9,13.3,12.8,12.4,12,11.6,11.1,10.6,10,9.4,8.7,8.4,8.4,8.7,9.3,10,10.4,10.5,10.4,10.1,9.6,9.1,8.6,8.1,7.7,
Bermuda,BMU,"Mortality rate, neonatal (per 1,000 live births)",SH.DYN.NMRT,,,,,,,,,,,,,,,,,,,,,,,,,,,,,,,,,,,,,,,,,,,,,,,,,,,,,,,,,,,,,,
Bolivia,BOL,"Mortality rate, neonatal (per 1,000 live births)",SH.DYN.NMRT,,,,,,,71.2,69.4,67.3,65.2,63.3,61.6,60.2,58.9,57.7,56.5,55.1,53.7,52.4,51.2,50.2,49.3,48.6,47.9,47.1,46.1,45,44,43,42.1,41.1,39.9,38.9,38,37,35.9,34.7,33.4,32,30.7,29.6,28.7,28,27.4,26.8,26.2,25.5,24.7,23.7,22.8,21.8,20.8,19.9,18.7,17.6,16.7,15.9,15.2,14.6,14,13.5,
Brazil,BRA,"Mortality rate, neonatal (per 1,000 live births)",SH.DYN.NMRT,,,,49.6,49.2,49,48.8,48.6,48.2,47.7,47,46.2,45.3,44.2,42.9,41.6,40.2,38.8,37.6,36.4,35.2,34.2,33.1,32.1,31,30,29,28.1,27.2,26.3,25.4,24.5,23.7,22.9,22.2,21.6,21,20.5,20,19.4,18.5,17.6,16.7,15.8,15,14.2,13.5,12.8,12.2,11.6,11.1,10.7,10.3,10,9.7,9.5,10,9.3,9.2,8.9,8.7,
Barbados,BRB,"Mortality rate, neonatal (per 1,000 live births)",SH.DYN.NMRT,,,,,,,,,31.1,29.7,28.3,27.1,26,25,24,23,21.7,20.5,19.2,18.2,17.2,16.4,15.8,15.3,14.9,14.6,14.3,13.8,13.2,12.5,11.7,11.1,10.5,10.1,9.7,9.5,9.4,9.3,9.2,9.2,9.3,9.3,9.5,9.6,9.8,9.9,10,10.1,10.1,10,10,9.9,9.8,9.7,9.5,9.3,9.1,8.9,8.6,8.4,8.1,
Brunei Darussalam,BRN,"Mortality rate, neonatal (per 1,000 live births)",SH.DYN.NMRT,,,,,,,,,,,,,,,,,,,,,,,,,,,,,,5.6,5.6,5.6,5.5,5.5,5.4,5.3,5.1,5,5,4.9,5,5,5,5,5,5,4.9,4.9,4.8,4.8,4.8,4.8,4.8,4.9,5,5.2,5.4,5.6,5.8,6,6.1,
Bhutan,BTN,"Mortality rate, neonatal (per 1,000 live births)",SH.DYN.NMRT,,,,,,,,,,,,,,,,,,,,,,,,,,,,,,43.3,42.3,41.3,40.3,39.2,38.1,37,35.9,34.8,33.8,32.8,31.8,30.9,30,29,28,27.1,26.2,25.3,24.4,23.4,22.5,21.6,20.8,20.1,19.3,18.4,17.6,17,16.3,15.7,15.3,
Botswana,BWA,"Mortality rate, neonatal (per 1,000 live births)",SH.DYN.NMRT,,,,,,41.5,40.1,38.6,37,35.5,34.2,33.3,32.6,32.1,31.5,31,30.6,30.4,30.2,30.2,30.2,30.4,30.4,30.1,29.3,28.2,27.1,26.1,25.2,24.4,23.6,22.9,22.2,21.3,20.3,19.2,18.2,17.4,16.8,16.5,16.6,17,17.8,18.7,19.6,20.4,21,21.6,22,22.4,22.7,22.9,23.1,23.2,23.3,23.3,23.2,23,22.7,22.3,21.9,
Central African Republic,CAF,"Mortality rate, neonatal (per 1,000 live births)",SH.DYN.NMRT,,,,,,,,,,,,57.5,57,56.5,56,55.4,54.9,54.4,53.9,53.4,53,52.8,52.7,52.8,52.9,52.9,52.9,52.7,52.4,52.1,51.6,51.2,50.8,50.4,50.1,49.9,49.6,49.4,49.3,49.1,49,48.9,48.7,48.6,48.4,48.2,48,47.7,47.2,46.7,46.1,45.5,44.7,43.9,43.2,42.5,41.7,41,40.2,39.6,38.8,
Canada,CAN,"Mortality rate, neonatal (per 1,000 live births)",SH.DYN.NMRT,,,,,,,,,,13.9,13.2,12.5,11.7,10.9,10,9.3,8.8,8.3,7.8,7.3,6.7,6.3,5.9,5.6,5.4,5.2,4.9,4.7,4.6,4.5,4.4,4.3,4.2,4.1,4.1,4.1,4,3.9,3.8,3.8,3.8,3.8,3.9,3.9,3.9,3.9,3.9,3.8,3.8,3.8,3.8,3.7,3.7,3.6,3.6,3.6,3.5,3.4,3.3,3.3,3.2,
Central Europe and the Baltics,CEB,"Mortality rate, neonatal (per 1,000 live births)",SH.DYN.NMRT,,,,,,,,,,,,,,,,,,,,,,,,,,,,,,,11.11865583,10.79768349,10.5089209,10.20485256,9.862557039,9.389909555,8.789576065,8.106180342,7.49066853,6.952809427,6.5367705,6.159182949,5.913486291,5.700287615,5.435772639,5.131779458,4.791341327,4.475008733,4.205195188,3.982703612,3.766453015,3.598099714,3.452906712,3.331111399,3.189491419,3.034158843,2.911984848,2.784185453,2.712889352,2.644071244,2.634257718,
Switzerland,CHE,"Mortality rate, neonatal (per 1,000 live births)",SH.DYN.NMRT,16.4,16,15.5,15,14.6,14.1,13.7,13.1,12.3,11.5,10.7,10,9.3,8.8,8.2,7.7,7.1,6.7,6.2,5.9,5.5,5.2,5,4.7,4.5,4.4,4.3,4.2,4.2,4.1,3.9,3.8,3.6,3.6,3.5,3.4,3.4,3.4,3.4,3.5,3.5,3.5,3.4,3.4,3.3,3.3,3.3,3.2,3.2,3.2,3.2,3.1,3.1,3,3,3,2.9,2.9,2.9,2.8,2.8,
Channel Islands,CHI,"Mortality rate, neonatal (per 1,000 live births)",SH.DYN.NMRT,,,,,,,,,,,,,,,,,,,,,,,,,,,,,,,,,,,,,,,,,,,,,,,,,,,,,,,,,,,,,,
Chile,CHL,"Mortality rate, neonatal (per 1,000 live births)",SH.DYN.NMRT,,,,,,,,,33.8,30.8,29.7,29.4,28.7,27.5,26,24.4,22.8,21.3,19.7,18,15.7,13.6,12,10.7,9.9,9.6,9.4,9.4,9.4,9.1,8.6,8,7.5,7.1,6.7,6.5,6.4,6.3,6.2,6,5.7,5.4,5.3,5.3,5.4,5.4,5.5,5.4,5.3,5.3,5.3,5.3,5.3,5.3,5.2,5.1,5,4.9,4.7,4.5,4.4,
China,CHN,"Mortality rate, neonatal (per 1,000 live births)",SH.DYN.NMRT,,,,,,,,,,,,,,,,,,,,,,,,,,,,,,29.7,29.6,29.4,29.1,28.5,27.7,26.7,25.6,24.5,23.5,22.4,21.4,19.9,18.4,16.9,15.3,13.9,12.5,11.3,10.2,9.2,8.4,7.6,7,6.4,5.8,5.3,4.9,4.5,4.1,3.7,3.5,
Cote d'Ivoire,CIV,"Mortality rate, neonatal (per 1,000 live births)",SH.DYN.NMRT,89.2,87.6,86.1,84.8,83.7,82.6,81.4,80.3,79.1,77.8,76.4,74.6,72.6,70.3,67.9,65.5,63.2,61.2,59.5,57.9,56.5,55.3,54.3,53.5,52.7,52.1,51.4,50.8,50.1,49.5,49,48.7,48.5,48.3,48.2,48,47.7,47.3,46.8,46.3,45.8,45.2,44.6,44,43.4,42.7,42,41.3,40.6,40,39.3,38.7,38,37.4,36.8,36.2,35.6,35,34.5,33.9,33.2,
Cameroon,CMR,"Mortality rate, neonatal (per 1,000 live births)",SH.DYN.NMRT,72.2,70.8,69.6,68.7,67.7,66.7,65.5,64.1,62.4,60.6,58.8,57.2,56,55.1,54.5,54.1,53.8,53.5,53,52.4,51.5,50.5,49.2,47.9,46.4,44.8,43.3,42.1,41.1,40.5,40.2,40,39.9,39.7,39.6,39.3,38.8,38.2,37.4,36.5,35.6,34.8,34.1,33.7,33.5,33.2,33,32.7,32.4,32,31.7,31.3,30.9,30.4,29.9,29.3,28.7,28,27.4,26.8,26.2,
"Congo, Dem. Rep.",COD,"Mortality rate, neonatal (per 1,000 live births)",SH.DYN.NMRT,,,,,,,,,,,,,,,,,,,,,,,,,44.1,43.8,43.3,42.9,42.5,42.1,41.7,41.3,41,40.6,40.4,40,39.8,39.5,39.1,38.8,38.4,38,37.6,37.2,36.6,36,35.3,34.5,33.8,33,32.3,31.7,31.1,30.6,30,29.5,29,28.5,27.9,27.3,26.8,
"Congo, Rep.",COG,"Mortality rate, neonatal (per 1,000 live births)",SH.DYN.NMRT,,,,,,,,,,,,,,,,,,,,,,,29.6,29.2,28.8,28.4,28.1,27.8,27.6,27.5,27.5,27.7,28,28.4,28.9,29.5,30.1,30.6,30.9,31,30.7,30.2,29.5,28.6,27.5,26.5,25.4,24.5,23.7,23,22.5,22.1,21.8,21.4,21.1,20.7,20.2,19.9,19.4,19.1,18.7,
Colombia,COL,"Mortality rate, neonatal (per 1,000 live births)",SH.DYN.NMRT,39.8,38.9,38,37.1,36.2,35.4,34.7,33.9,33.2,32.5,31.8,31.1,30.3,29.5,28.8,28,27.1,26.3,25.5,24.6,23.8,23,22.3,21.6,20.9,20.4,19.9,19.5,19.1,18.7,18.2,17.7,17.2,16.7,16.3,15.8,15.3,14.9,14.4,13.9,13.5,13.1,12.7,12.4,12,11.7,11.3,11,10.6,10.3,10,9.6,9.3,9,8.7,8.4,8.2,7.9,7.7,7.4,7.2,
Comoros,COM,"Mortality rate, neonatal (per 1,000 live births)",SH.DYN.NMRT,,,,,,,,,,,,,,78.1,78,78.2,78.4,78.1,77.3,75.9,74,71.7,69.3,66.8,64.2,61.5,59,56.6,54.3,52,49.9,48,46.3,44.6,43.4,42.6,42,41.6,41.4,41,40.8,40.7,40.5,40.3,40.1,39.7,39.2,38.6,38,37.3,36.6,35.8,35.1,34.5,33.6,32.9,32.1,31.3,30.5,29.8,29,
Cabo Verde,CPV,"Mortality rate, neonatal (per 1,000 live births)",SH.DYN.NMRT,,,,,,,,,,,,,,,,25.8,25.1,24.5,24,23.5,23.2,23,22.8,22.7,22.4,22.1,21.6,21.2,20.6,20.2,19.9,19.7,19.6,19.5,19.5,19.7,19.9,19.9,19.5,18.9,18.1,17,16,15.4,15.1,15.1,15.3,15.4,15.6,15.5,15.3,14.9,14.3,13.5,12.6,11.8,10.9,10.2,9.6,9,8.5,
Costa Rica,CRI,"Mortality rate, neonatal (per 1,000 live births)",SH.DYN.NMRT,30.4,30.3,30.4,30.7,30.8,30.8,30.4,29.9,29,27.8,26.2,24.4,22.4,20.4,18.6,17.2,16.1,14.7,13.3,12.2,11.6,11.3,11.2,11.2,11.1,10.7,10.3,10,9.6,9.3,9,8.8,8.8,8.8,8.8,8.5,8.3,8.1,7.9,7.8,7.7,7.5,7.3,7.2,7.1,7.1,7,6.9,6.8,6.7,6.6,6.5,6.5,6.4,6.3,6.3,6.2,6.1,5.9,5.8,5.6,
Caribbean small states,CSS,"Mortality rate, neonatal (per 1,000 live births)",SH.DYN.NMRT,,,,,,,,,,,,,,,,,,,,,,,,,,,,,,,20.3223604,20.01069523,19.68343786,19.35464873,19.0393294,18.80096625,18.53104931,18.2471381,17.94976541,17.66176615,17.35753812,16.99008479,16.6959683,16.34072174,15.97434942,15.61272513,15.1775752,14.84431616,14.55964082,14.22916526,13.95877615,13.6620871,13.38751153,13.03987739,12.67629431,12.28799079,11.94072326,11.57052558,11.19083447,10.82194469,10.46769457,
Cuba,CUB,"Mortality rate, neonatal (per 1,000 live births)",SH.DYN.NMRT,,,,,,,,,21.6,20.7,19.7,19,18.8,18.7,18,16.8,15.7,15.6,15.8,15.6,14.6,13.3,11.8,10.5,9.6,9.1,8.8,8.3,7.8,7.3,6.9,6.7,6.5,6.4,6.1,5.6,5.1,4.8,4.5,4.4,4.3,4.2,4,3.8,3.6,3.4,3.3,3.2,3.1,3,2.9,2.8,2.7,2.6,2.5,2.4,2.3,2.3,2.3,2.3,2.4,
Curacao,CUW,"Mortality rate, neonatal (per 1,000 live births)",SH.DYN.NMRT,,,,,,,,,,,,,,,,,,,,,,,,,,,,,,,,,,,,,,,,,,,,,,,,,,,,,,,,,,,,,,
Cayman Islands,CYM,"Mortality rate, neonatal (per 1,000 live births)",SH.DYN.NMRT,,,,,,,,,,,,,,,,,,,,,,,,,,,,,,,,,,,,,,,,,,,,,,,,,,,,,,,,,,,,,,
Cyprus,CYP,"Mortality rate, neonatal (per 1,000 live births)",SH.DYN.NMRT,,,,,,,,,,,,,,,,,,,,,,,,,,,,,,6.3,6.4,6.3,6.1,5.8,5.5,5.1,4.8,4.5,4.2,4,3.7,3.4,3.2,3,2.8,2.6,2.4,2.3,2.1,2,1.9,1.9,1.8,1.8,1.7,1.7,1.7,1.7,1.7,1.7,1.6,
Czechia,CZE,"Mortality rate, neonatal (per 1,000 live births)",SH.DYN.NMRT,,,,,,,,,,,,,,,,,,,,,,,10.3,9.9,9.4,8.9,8.4,8,7.8,7.5,7.2,6.8,6.3,5.7,5.1,4.5,4,3.6,3.2,2.9,2.7,2.5,2.4,2.4,2.3,2.2,2.1,2,1.9,1.8,1.7,1.6,1.6,1.6,1.6,1.6,1.6,1.6,1.6,1.6,1.6,
Germany,DEU,"Mortality rate, neonatal (per 1,000 live births)",SH.DYN.NMRT,,,,,,,,,,14.3,14.1,13.9,13.3,12.5,11.5,10.5,9.3,8.2,7.1,6.2,5.5,5,4.5,4.2,4,3.7,3.5,3.3,3.2,3.2,3.4,3.5,3.5,3.3,3.2,3.1,3,2.9,2.9,2.8,2.8,2.7,2.7,2.7,2.6,2.6,2.6,2.5,2.4,2.4,2.3,2.3,2.3,2.3,2.3,2.3,2.3,2.3,2.3,2.3,2.2,
Djibouti,DJI,"Mortality rate, neonatal (per 1,000 live births)",SH.DYN.NMRT,,,,,,,,,,,,,,,,,,,,58.5,57.5,56.6,55.7,54.9,54,53.1,52.3,51.5,50.7,50,49.5,48.9,48.6,48.2,47.8,47.3,46.6,46,45.3,44.5,43.9,43.4,42.7,42.1,41.6,40.9,40.3,39.7,39,38.4,37.6,37,36.3,35.4,34.7,34,33.2,32.5,31.8,31.1,30.4,
Dominica,DMA,"Mortality rate, neonatal (per 1,000 live births)",SH.DYN.NMRT,,,,,,,,,,19.4,18.4,17.6,16.9,16.3,16,15.7,15.2,14.8,14.3,13.9,13.3,12.9,12.4,12,11.6,11.3,11,10.8,10.6,10.4,10.3,10.3,10.3,10.4,10.6,10.9,11.3,11.7,12.1,12.5,12.9,13.3,13.8,14.4,14.9,15.6,16.2,17,17.8,18.7,19.6,20.7,21.7,22.8,23.9,25,26.1,27.2,28.3,29.2,30,
Denmark,DNK,"Mortality rate, neonatal (per 1,000 live births)",SH.DYN.NMRT,16.1,15.9,15.5,15,14.4,13.9,13.4,12.8,12.2,11.6,11,10.3,9.6,9,8.3,7.6,6.9,6.3,5.9,5.6,5.3,5.1,4.9,4.8,4.8,4.8,4.8,4.8,4.7,4.5,4.4,4.2,4.1,4,3.9,3.9,3.8,3.8,3.7,3.6,3.5,3.4,3.2,3.2,3.1,3.1,3,2.9,2.8,2.8,2.8,2.9,3,3,3,3,2.9,2.8,2.7,2.6,2.5,
Dominican Republic,DOM,"Mortality rate, neonatal (per 1,000 live births)",SH.DYN.NMRT,,,,40.9,40.8,40.6,40.6,40.4,40.3,40.2,40.2,40.1,40,39.8,39.6,39.1,38.5,37.6,36.4,35,33.6,32.3,31,29.9,28.8,28,27.1,26.3,25.5,24.8,24.3,23.8,23.5,23.2,23.1,23.1,23.1,23.2,23.3,23.3,23.3,23.2,23.1,23.1,23.2,23.4,23.6,23.8,24,24.1,24.2,24.3,24.3,24.3,24.4,24.4,24.5,24.4,24.2,23.9,23.4,
Algeria,DZA,"Mortality rate, neonatal (per 1,000 live births)",SH.DYN.NMRT,,,,,,,,,,74.9,72.9,70,66.8,63.6,60.4,57.4,54.6,52.1,49.9,48,45.8,43.1,40.1,36.6,33,29.9,27.4,25.6,24.3,23.6,23.1,22.8,22.4,22,21.6,21.3,21.2,21.1,21.1,21.1,21.1,21.1,20.9,20.8,20.4,20.1,19.8,19.4,18.9,18.2,17.5,17.1,16.9,16.4,15.7,15.1,15.1,15.6,16,16.3,16.3,
East Asia & Pacific (excluding high income),EAP,"Mortality rate, neonatal (per 1,000 live births)",SH.DYN.NMRT,,,,,,,,,,,,,,,,,,,,,,,,,,,,,,,29.00006406,28.65070564,28.22695782,27.6059312,26.86083088,25.97801121,25.05213012,24.12120551,23.22516542,22.29412657,21.40243152,20.26672342,19.11887996,18.02225245,16.8940698,15.85566887,14.86022633,13.98935226,13.19101495,12.37586466,11.71176047,11.01962223,10.46044156,9.895657548,9.367035226,8.898620158,8.498150237,8.113768796,7.740154977,7.377933505,7.129872091,
Early-demographic dividend,EAR,"Mortality rate, neonatal (per 1,000 live births)",SH.DYN.NMRT,,,,,,,,,,,,,,,,,,,,,,,,,,,,,,,46.29077421,45.35120305,44.42594222,43.55744855,42.63067701,41.69300387,40.71449401,39.67920015,38.63288505,37.57974384,36.48669404,35.3969298,34.29059676,33.21844339,32.18496355,31.23743756,30.27516232,29.36373208,28.50826388,27.60369161,26.68056052,25.78679233,24.92738202,24.07954151,23.26707421,22.53353803,21.81847942,21.10948157,20.44127972,19.66854435,18.95422796,
East Asia & Pacific,EAS,"Mortality rate, neonatal (per 1,000 live births)",SH.DYN.NMRT,,,,,,,,,,,,,,,,,,,,,,,,,,,,,,,27.6,27.2,26.7,26,25.3,24.5,23.6,22.7,21.8,21,20.1,19.1,18.1,17,16,15,14.1,13.2,12.5,11.7,11.1,10.5,9.9,9.4,8.9,8.5,8.1,7.7,7.4,7.1,6.8,
Europe & Central Asia (excluding high income),ECA,"Mortality rate, neonatal (per 1,000 live births)",SH.DYN.NMRT,,,,,,,,,,,,,,,,,,,,,,,,,,,,,,,20.77388125,20.69428325,20.65037404,20.55253773,20.34361673,19.99035674,19.50470985,18.94512164,18.32841582,17.63030564,16.90193447,16.08901168,15.17713919,14.29844365,13.53358929,12.79147533,12.10684442,11.38430405,10.61397629,9.963380317,9.421742687,8.93022626,8.446715024,8.006534654,7.568546364,7.14205898,6.734705111,6.44286134,6.116432284,5.851039162,5.560206499,
Europe & Central Asia,ECS,"Mortality rate, neonatal (per 1,000 live births)",SH.DYN.NMRT,,,,,,,,,,,,,,,,,,,,,,,,,,,,,,,14,13.7,13.5,13.2,12.9,12.5,12.1,11.6,11.2,10.7,10.2,9.8,9.3,8.8,8.4,8,7.6,7.2,6.8,6.4,6.2,5.9,5.7,5.4,5.2,5,4.8,4.6,4.4,4.2,4.1,
Ecuador,ECU,"Mortality rate, neonatal (per 1,000 live births)",SH.DYN.NMRT,59.6,58.8,58,57.1,56,54.8,53.4,52,50.6,49.3,48,46.6,45.3,44,42.7,41.2,39.8,38.4,37,35.7,34.3,32.9,31.5,30.1,28.7,27.2,25.9,24.7,23.7,22.9,22.2,21.6,21,20.4,19.7,19,18.2,17.2,16.1,15,14.1,13.4,12.7,12.1,11.6,11.1,10.6,10.2,9.7,9.3,8.9,8.5,8.1,7.8,7.5,7.3,7.1,6.9,6.9,6.8,6.7,
"Egypt, Arab Rep.",EGY,"Mortality rate, neonatal (per 1,000 live births)",SH.DYN.NMRT,66.4,65.2,64.1,63,62,61.3,60.8,60.6,60.5,60.4,60.4,60.4,60.2,59.8,59.1,58.1,57.1,56.1,54.9,53.5,52.1,50.5,48.8,46.8,44.6,42.4,40.2,38.1,36.2,34.6,33.2,31.9,30.6,29.3,28.1,27,25.9,24.9,24.1,23.2,22.4,21.7,21,20.3,19.7,19,18.2,17.5,16.7,16,15.2,14.6,13.9,13.4,12.8,12.3,11.9,11.5,11.1,10.7,10.3,
Euro area,EMU,"Mortality rate, neonatal (per 1,000 live births)",SH.DYN.NMRT,,,,,,,,,,,,,,,,,,,,,,,,,,,,,,,4.801409008,4.637096182,4.467060658,4.255245226,4.071143162,3.880291474,3.684333783,3.513594956,3.370925053,3.240725233,3.152059247,3.008281521,2.955245655,2.844436145,2.736419126,2.637881109,2.575700773,2.489068151,2.440014156,2.411067096,2.330703398,2.320738262,2.30044028,2.26545563,2.285227329,2.251269283,2.271070292,2.273152801,2.247932994,2.236532944,2.178168058,
Eritrea,ERI,"Mortality rate, neonatal (per 1,000 live births)",SH.DYN.NMRT,,,,,,,,,,,,,,,,,,45.2,44.6,43.7,42.8,42,41.1,40.4,39.9,39.3,38.7,37.9,37,36,35,34.1,33.2,32.3,31.4,30.5,29.6,28.8,28.1,27.6,27,26.5,26.1,25.6,25.2,24.7,24.2,23.7,23.2,22.6,22.1,21.5,21.1,20.6,20.2,19.7,19.3,18.9,18.5,18.1,17.7,
Spain,ESP,"Mortality rate, neonatal (per 1,000 live births)",SH.DYN.NMRT,,,,,,,,,,,,,,,,12.6,11.9,10.9,10,9.4,8.9,8.5,8,7.5,6.9,6.3,5.9,5.7,5.4,5.2,4.9,4.6,4.4,4.1,3.9,3.7,3.4,3.2,3,2.9,2.8,2.7,2.7,2.6,2.5,2.4,2.3,2.2,2.2,2.1,2.1,2.1,2.1,2,2,1.9,1.9,1.9,1.8,1.8,1.7,
Estonia,EST,"Mortality rate, neonatal (per 1,000 live births)",SH.DYN.NMRT,,,,,,,,,,,,,,,,,,,,,,,,,,,,,10.5,10.1,9.8,9.7,9.7,9.6,9.2,8.5,7.8,7,6.3,5.8,5.3,4.8,4.4,4,3.7,3.4,3.1,2.8,2.5,2.3,2.1,1.9,1.7,1.6,1.5,1.4,1.3,1.2,1.1,1,0.9,
Ethiopia,ETH,"Mortality rate, neonatal (per 1,000 live births)",SH.DYN.NMRT,,,,,,,,,,,,,,,,,,66.4,66.6,66.7,66.7,66.5,66,65.4,64.6,63.7,62.9,62,61.1,60.3,59.4,58.5,57.4,56.1,54.9,53.6,52.4,51.3,50.3,49.4,48.6,47.8,46.8,45.8,44.8,43.7,42.6,41.4,40.2,39.1,37.9,36.7,35.5,34.3,33.1,31.9,30.7,29.7,28.7,27.8,27,
European Union,EUU,"Mortality rate, neonatal (per 1,000 live births)",SH.DYN.NMRT,,,,,,,,,,,,,,,,,,,,,,,,,,,,,,,6.5344448,6.256428398,5.99226035,5.71192382,5.458774812,5.177451348,4.866255286,4.553595682,4.286932048,4.047388002,3.877706176,3.677050656,3.576805734,3.446579879,3.308757906,3.170580312,3.050396714,2.917450548,2.820194334,2.74930801,2.639593426,2.595277219,2.550054249,2.498191064,2.483005354,2.422211207,2.406155251,2.378243797,2.341501292,2.316744282,2.266772681,
Fragile and conflict affected situations,FCS,"Mortality rate, neonatal (per 1,000 live births)",SH.DYN.NMRT,,,,,,,,,,,,,,,,,,,,,,,,,,,,,,,45.60155367,45.2467513,44.93049333,44.57557744,44.17588899,43.69037807,43.18717963,42.60633928,41.95189048,41.26138425,40.48758006,39.69128497,38.84924764,38.04575573,37.23107722,36.44262884,35.68937333,34.95893366,34.29211062,33.61292425,33.0177549,32.43397185,31.92861185,31.46546148,30.98365543,30.59514557,30.13219254,29.67919697,29.16015349,28.67147982,28.2010787,
Finland,FIN,"Mortality rate, neonatal (per 1,000 live births)",SH.DYN.NMRT,15.8,15.3,14.8,14.2,13.6,13,12.4,11.9,11.4,10.9,10.5,10,9.5,8.9,8.3,7.7,7.1,6.5,6,5.5,5.1,4.8,4.5,4.4,4.3,4.2,4.2,4.1,4,4,3.9,3.7,3.6,3.4,3.2,3.1,2.9,2.8,2.7,2.6,2.5,2.4,2.3,2.2,2.1,2.1,2,1.9,1.8,1.8,1.7,1.6,1.5,1.4,1.4,1.4,1.4,1.4,1.4,1.4,1.4,
Fiji,FJI,"Mortality rate, neonatal (per 1,000 live births)",SH.DYN.NMRT,,,,,,,,,,,,,,,,,,,,,,,,,,,,,,14.1,13.5,13,12.5,12,11.6,11.2,10.8,10.5,10.3,10.1,10.1,10.2,10.5,11,11.4,11.6,11.5,11,10.3,9.7,9.3,9,9,9.1,9.4,9.8,10.2,10.6,11,11.4,11.6,
France,FRA,"Mortality rate, neonatal (per 1,000 live births)",SH.DYN.NMRT,18.3,17.5,16.3,15.9,16.2,16.2,15.2,13.4,11.6,10.3,9.4,8.8,8.4,8.2,8.2,8.2,7.9,7.4,6.8,6.2,5.7,5.4,5.2,5,4.8,4.6,4.4,4.2,4,3.8,3.6,3.4,3.2,3.1,3.1,3.1,3.1,3,2.9,2.8,2.8,2.7,2.7,2.6,2.5,2.4,2.4,2.4,2.4,2.4,2.3,2.3,2.3,2.3,2.4,2.4,2.5,2.6,2.6,2.6,2.6,
Faroe Islands,FRO,"Mortality rate, neonatal (per 1,000 live births)",SH.DYN.NMRT,,,,,,,,,,,,,,,,,,,,,,,,,,,,,,,,,,,,,,,,,,,,,,,,,,,,,,,,,,,,,,
"Micronesia, Fed. Sts.",FSM,"Mortality rate, neonatal (per 1,000 live births)",SH.DYN.NMRT,,,,,,,,,,,,,,,,,,,,,,,,,,,,,,24.4,23.9,23.6,23.2,22.8,22.5,22.1,21.7,21.3,20.9,20.4,20,19.6,19.2,18.8,18.6,18.5,18.4,18.3,18.2,17.9,17.5,17.1,16.7,16.2,15.6,15.2,14.7,14.2,13.7,13.3,12.9,
Gabon,GAB,"Mortality rate, neonatal (per 1,000 live births)",SH.DYN.NMRT,,,,,,,,,,,,,,,,,,35.7,35.1,34.6,34.1,33.6,33.1,32.8,32.5,32.2,31.9,31.7,31.4,31.1,30.9,30.6,30.3,29.9,29.5,29,28.5,28,27.6,27.3,26.9,26.6,26.3,26,25.7,25.4,25.1,24.8,24.5,24.2,23.8,23.5,23.1,22.7,22.2,21.8,21.3,20.9,20.5,20.1,19.7,
United Kingdom,GBR,"Mortality rate, neonatal (per 1,000 live births)",SH.DYN.NMRT,16,15.6,15.1,14.6,14.1,13.7,13.3,13,12.6,12.4,12.2,12,11.8,11.5,11.2,10.7,10.2,9.6,8.8,8.1,7.5,6.9,6.4,6.1,5.7,5.5,5.2,5,4.8,4.6,4.5,4.4,4.4,4.3,4.2,4.1,4,3.9,3.9,3.8,3.8,3.7,3.6,3.6,3.5,3.5,3.4,3.3,3.2,3.1,3,3,2.9,2.8,2.7,2.7,2.7,2.8,2.8,2.8,2.7,
Georgia,GEO,"Mortality rate, neonatal (per 1,000 live births)",SH.DYN.NMRT,,,,,,,,,,,,,,,,,,28.5,27.9,27.3,26.8,26.3,25.8,25.3,25,24.7,24.5,24.5,24.6,24.7,24.9,25.1,25.1,25.1,25,24.8,24.6,24.3,24,23.5,22.8,21.7,20.3,18.9,17.4,15.9,14.5,13.2,12,11,10.1,9.3,8.6,8,7.3,6.7,6.2,5.8,5.4,5.2,5,
Ghana,GHA,"Mortality rate, neonatal (per 1,000 live births)",SH.DYN.NMRT,,,,,,60.2,60.1,60,59.9,59.7,59.4,59,58.3,57.6,56.6,55.5,54.4,53.5,52.6,51.9,51.3,50.6,49.9,49.1,48.2,47.2,46.2,45.1,44,42.9,41.9,41,40.3,39.8,39.3,38.8,38.4,37.9,37.3,36.6,35.8,34.9,34.2,33.5,33,32.6,32.2,31.7,31.2,30.5,29.8,29,28.2,27.5,26.8,26,25.4,24.7,24.1,23.5,22.9,
Gibraltar,GIB,"Mortality rate, neonatal (per 1,000 live births)",SH.DYN.NMRT,,,,,,,,,,,,,,,,,,,,,,,,,,,,,,,,,,,,,,,,,,,,,,,,,,,,,,,,,,,,,,
Guinea,GIN,"Mortality rate, neonatal (per 1,000 live births)",SH.DYN.NMRT,,,,,,,,,,,,,,,,,69.2,70,71.1,72.3,73.3,73.8,73.8,73.2,71.9,70.3,68.3,66.4,64.5,62.8,61.3,60,59.1,58.2,57.4,56.4,55.1,53,50.5,47.9,45.5,43.4,41.9,40.7,39.6,38.5,37.4,36.5,35.8,35.3,34.7,34.2,33.6,33,32.4,31.9,31.4,31.1,30.7,30.3,29.9,
"Gambia, The",GMB,"Mortality rate, neonatal (per 1,000 live births)",SH.DYN.NMRT,,,,,,,,,,,,,,,,,,,,,,,,,,,,,,51,50.1,49.2,48.3,47.4,46.5,45.6,44.6,43.6,42.5,41.5,40.6,39.8,39.1,38.4,37.7,37,36.3,35.5,34.7,33.9,33.1,32.4,31.7,30.9,30.1,29.4,28.5,27.8,27.1,26.4,25.7,
Guinea-Bissau,GNB,"Mortality rate, neonatal (per 1,000 live births)",SH.DYN.NMRT,,,,,,,,,,,,,,,,,,,,,,,,,,,,65.2,64.6,64.1,63.5,62.9,62.3,61.6,60.9,60.3,59.4,58.4,57.3,56.3,55.3,54.2,53.3,52.5,51.7,50.9,49.8,48.7,47.5,46.2,44.8,43.6,42.3,41.2,40.2,39.2,38.4,37.5,36.7,35.9,35.1,
Equatorial Guinea,GNQ,"Mortality rate, neonatal (per 1,000 live births)",SH.DYN.NMRT,,,,,,,,,,,,,,,,,,,,,,,,,,,,,,48.5,48.3,48.1,47.8,47.6,47.2,47,46.7,46.2,45.6,45,44.3,43.7,42.9,42.1,41.2,40.2,39.1,37.9,36.9,35.9,35.1,34.3,33.7,33,32.5,31.8,31.2,30.5,29.9,29.2,28.7,
Greece,GRC,"Mortality rate, neonatal (per 1,000 live births)",SH.DYN.NMRT,19.7,20,20,20,20.2,20.4,20.6,20.8,21,20.8,20.2,19.5,18.8,18.2,17.8,17.4,16.7,15.8,15,14.2,13.4,12.6,11.8,11.1,10.6,10,9.3,8.5,7.7,7,6.4,6.1,5.9,5.8,5.7,5.5,5.3,5,4.6,4.3,3.9,3.6,3.3,3,2.7,2.5,2.4,2.2,2.1,2.1,2.1,2.2,2.3,2.4,2.6,2.6,2.6,2.6,2.5,2.5,2.4,
Grenada,GRD,"Mortality rate, neonatal (per 1,000 live births)",SH.DYN.NMRT,,,,,,,,,,,,,,,,,,,,,,,,,,,,,,13,12.3,11.5,10.7,9.9,9.2,8.6,8.2,8,7.9,7.9,8,8,8,8,8,8,8,8.1,8.3,8.6,8.9,9.3,9.7,10.1,10.5,10.7,10.9,11.1,11.1,11.1,10.9,
Greenland,GRL,"Mortality rate, neonatal (per 1,000 live births)",SH.DYN.NMRT,,,,,,,,,,,,,,,,,,,,,,,,,,,,,,,,,,,,,,,,,,,,,,,,,,,,,,,,,,,,,,
Guatemala,GTM,"Mortality rate, neonatal (per 1,000 live births)",SH.DYN.NMRT,,,,,57.9,57,56,54.9,53.8,52.7,51.5,50.4,49.1,47.7,46.2,44.8,43.7,42,40.8,39.6,38.5,37.3,36.5,34.9,33.8,32.8,31.8,30.8,29.9,29,28.2,27.4,26.6,25.8,25.1,24.4,23.7,23.1,22.5,21.9,21.3,20.7,20.2,19.7,19.1,18.6,18.2,17.7,17.3,16.8,16.2,15.6,15,14.4,13.9,13.4,12.9,12.4,12,11.5,11.1,
Guam,GUM,"Mortality rate, neonatal (per 1,000 live births)",SH.DYN.NMRT,,,,,,,,,,,,,,,,,,,,,,,,,,,,,,,,,,,,,,,,,,,,,,,,,,,,,,,,,,,,,,
Guyana,GUY,"Mortality rate, neonatal (per 1,000 live births)",SH.DYN.NMRT,40,38.9,38,37.3,36.7,36.3,35.9,35.7,35.4,35.1,34.8,34.6,34.4,34.1,33.9,33.6,33.4,33.1,32.7,32.4,32.1,31.8,31.5,31.3,31.2,31.1,31.1,31,30.9,30.9,30.8,30.6,30.5,30.2,29.9,29.6,29.1,28.7,28.2,27.6,27,26.4,26,25.5,25.2,24.8,24.3,23.9,23.6,23.2,22.8,22.4,21.9,21.4,20.8,20.2,19.6,19.1,18.4,17.9,17.3,
High income,HIC,"Mortality rate, neonatal (per 1,000 live births)",SH.DYN.NMRT,,,,,,,,,,,,,,,,,,,,,,,,,,,,,,,6.3,6,5.8,5.6,5.3,5.1,4.8,4.6,4.5,4.3,4.2,4.1,4,3.9,3.8,3.7,3.6,3.5,3.4,3.3,3.2,3.2,3.1,3.1,3,3,2.9,2.9,2.8,2.8,2.7,
"Hong Kong SAR, China",HKG,"Mortality rate, neonatal (per 1,000 live births)",SH.DYN.NMRT,,,,,,,,,,,,,,,,,,,,,,,,,,,,,,,,,,,,,,,,,,,,,,,,,,,,,,,,,,,,,,
Honduras,HND,"Mortality rate, neonatal (per 1,000 live births)",SH.DYN.NMRT,,,,,,,,,,,,,38.1,37.2,36.7,35.3,34.4,33.5,32.8,31.9,31.1,30.2,29.2,28.2,27.3,26.4,25.4,24.5,23.6,22.7,21.8,21,20.3,19.8,19.4,19.1,18.8,18.6,18.7,18,17.7,17.1,16.6,16.1,15.6,15.2,14.7,14.2,13.7,13.2,12.7,12.2,11.7,11.3,10.9,10.5,10.1,9.8,9.4,9.1,8.8,
Heavily indebted poor countries (HIPC),HPC,"Mortality rate, neonatal (per 1,000 live births)",SH.DYN.NMRT,,,,,,,,,,,,,,,,,,,,,,,,,,,,,,,47.88758814,47.20236879,46.58425188,45.96151686,45.41991597,44.75303698,44.111975,43.39154981,42.6060467,41.76545134,40.86757084,39.91956738,38.96693073,38.04034413,37.13084406,36.26192588,35.44692329,34.61623197,33.843129,33.08463723,32.36818582,31.61964509,30.90902777,30.20889682,29.51967167,28.83997231,28.18770819,27.57521746,26.93680372,26.34180732,25.76895332,
Croatia,HRV,"Mortality rate, neonatal (per 1,000 live births)",SH.DYN.NMRT,,,,,,,,,,,,,,,,,,,,,,,13.9,13.4,13,12.3,11.3,10.1,9.1,8.5,8.2,8,7.8,7.5,6.9,6.4,6,5.8,5.7,5.7,5.5,5.3,5,4.7,4.4,4.2,4,3.9,3.8,3.7,3.6,3.4,3.3,3.2,3.1,3.1,3,3,3,3,3,
Haiti,HTI,"Mortality rate, neonatal (per 1,000 live births)",SH.DYN.NMRT,87.7,87.5,87.2,86.9,86.6,85.9,85.1,84.1,83,81.7,80.3,78.6,76.7,74.7,72.5,70.4,68.2,65.8,63.6,61.1,58.7,56.5,54.5,52.6,50.9,49.2,47.4,45.3,43,40.8,38.9,37.3,36,34.9,34,33.2,32.5,31.7,31,30.3,29.8,29.5,29.3,29.3,29.4,29.4,29.3,29.2,29,28.7,30.6,28.3,28.1,27.8,27.5,27.1,26.6,26.2,25.7,25.2,24.8,
Hungary,HUN,"Mortality rate, neonatal (per 1,000 live births)",SH.DYN.NMRT,28.1,27.3,26.9,26.9,27.3,27.9,28.2,28.1,27.8,27.7,27.9,28.2,28.3,28,27.3,26,24,21.8,19.9,18.2,16.9,16,15.6,15.4,15.2,15,14.4,13.4,12.3,11.5,11.2,10.8,10,8.9,8,7.5,7.1,6.8,6.4,6,5.8,5.5,5.1,4.8,4.4,4.1,3.9,3.8,3.6,3.5,3.4,3.3,3.2,3,2.9,2.7,2.5,2.4,2.3,2.2,2.1,
IBRD only,IBD,"Mortality rate, neonatal (per 1,000 live births)",SH.DYN.NMRT,,,,,,,,,,,,,,,,,,,,,,,,,,,,,,,35.76060116,35.23902091,34.70529037,34.13208837,33.45521611,32.71931241,31.89485962,31.01502715,30.14538344,29.24584303,28.30285208,27.24514149,26.16208427,25.08336549,23.99057964,22.99329504,21.96169364,21.00136468,20.08757037,19.15252113,18.24454272,17.39457671,16.61363664,15.86026021,15.13443395,14.52969083,13.99223949,13.4450157,12.95960097,12.36812896,11.88197076,
IDA & IBRD total,IBT,"Mortality rate, neonatal (per 1,000 live births)",SH.DYN.NMRT,,,,,,,,,,,,,,,,,,,,,,,,,,,,,,,39.83428553,39.36579196,38.90748649,38.41415023,37.8359995,37.18515879,36.46255428,35.67419802,34.86172275,34.0031328,33.10187205,32.10954762,31.09443768,30.09426919,29.09876338,28.17989527,27.26711865,26.41116876,25.61387258,24.8061156,24.0374563,23.30427303,22.63140011,21.98450992,21.36247491,20.81733476,20.31985692,19.80812598,19.33063047,18.80577864,18.34626047,
IDA total,IDA,"Mortality rate, neonatal (per 1,000 live births)",SH.DYN.NMRT,,,,,,,,,,,,,,,,,,,,,,,,,,,,,,,50.29718775,49.59171117,48.93961487,48.27388753,47.58970316,46.83414151,46.07614638,45.253318,44.35202128,43.38838179,42.39915069,41.37845521,40.35125724,39.36769152,38.42872881,37.53443404,36.71876141,35.93165479,35.22036337,34.5108378,33.85294228,33.18439008,32.55532651,31.94415833,31.34752787,30.75063347,30.16388232,29.54952594,28.92211865,28.33104117,27.74268364,
IDA blend,IDB,"Mortality rate, neonatal (per 1,000 live births)",SH.DYN.NMRT,,,,,,,,,,,,,,,,,,,,,,,,,,,,,,,50.35449208,50.29431091,50.23513082,50.14987543,49.90460285,49.54001915,49.09652714,48.53305823,47.79107947,46.93743123,46.0740297,45.15713927,44.23441447,43.35674165,42.54065622,41.74676914,41.07642683,40.48485981,39.9567293,39.42275769,38.91550868,38.39919904,37.89302577,37.41438966,36.9434895,36.48090145,36.0087022,35.45190636,34.8525925,34.28754532,33.67189378,
Indonesia,IDN,"Mortality rate, neonatal (per 1,000 live births)",SH.DYN.NMRT,57.8,56.8,55.7,54.8,53.8,53.5,52.1,51.2,50.3,49.5,48.6,47.7,46.7,45.6,44.6,43.4,42.3,41.3,40.3,39.4,38.4,37.5,36.4,35.4,34.4,33.6,32.9,32.3,31.7,31.2,30.7,30.2,29.6,29,28.3,27.4,26.5,25.6,24.6,23.7,22.8,22.1,21.4,20.9,20.5,19.9,19.5,19.1,18.7,18.1,17.5,16.8,16.1,15.4,14.8,14.2,13.6,13.1,12.6,12.2,11.7,
IDA only,IDX,"Mortality rate, neonatal (per 1,000 live births)",SH.DYN.NMRT,,,,,,,,,,,,,,,,,,,,,,,,,,,,,,,50.26843962,49.23895213,48.28932583,47.33315021,46.43058857,45.48166091,44.56931295,43.6200321,42.64194771,41.62533666,40.57406587,39.50069067,38.41882355,37.37820535,36.37197164,35.41976453,34.52159067,33.62467746,32.80822344,31.9963731,31.24861556,30.48981907,29.78676215,29.09831671,28.43022704,27.76034428,27.11434477,26.47365732,25.83789,25.24160697,24.67704236,
Isle of Man,IMN,"Mortality rate, neonatal (per 1,000 live births)",SH.DYN.NMRT,,,,,,,,,,,,,,,,,,,,,,,,,,,,,,,,,,,,,,,,,,,,,,,,,,,,,,,,,,,,,,
India,IND,"Mortality rate, neonatal (per 1,000 live births)",SH.DYN.NMRT,,,,,,,,,,85,84.3,83.6,82.8,82,81,79.8,78.4,76.9,75.2,73.6,72,70.4,68.9,67.3,65.8,64.3,62.9,61.4,59.9,58.5,57.2,55.9,54.6,53.5,52.3,51.2,50,48.7,47.4,46.1,44.7,43.3,41.9,40.5,39.1,37.9,36.6,35.4,34.3,33.1,31.8,30.6,29.4,28.2,27,25.9,24.8,23.7,22.7,21.4,20.3,
Not classified,INX,"Mortality rate, neonatal (per 1,000 live births)",SH.DYN.NMRT,,,,,,,,,,,,,,,,,,,,,,,,,,,,,,,,,,,,,,,,,,,,,,,,,,,,,,,,,,,,,,
Ireland,IRL,"Mortality rate, neonatal (per 1,000 live births)",SH.DYN.NMRT,21.2,20.1,19.2,18.4,17.7,17.1,16.4,15.5,14.6,13.8,13.1,12.6,12.3,12.1,11.9,11.5,10.8,10,9.1,8.2,7.5,6.8,6.4,6,5.7,5.4,5.1,4.9,4.8,4.8,4.7,4.6,4.5,4.4,4.3,4.2,4.1,4.1,4.1,4.1,4,3.9,3.7,3.5,3.3,3,2.8,2.6,2.5,2.5,2.5,2.5,2.5,2.5,2.5,2.4,2.3,2.2,2.2,2.1,2,
"Iran, Islamic Rep.",IRN,"Mortality rate, neonatal (per 1,000 live births)",SH.DYN.NMRT,,,,,,,,,,,,,,,,,,,,,,,,,,,,,,25.8,24.9,24.1,23.4,22.8,22.3,21.8,21.3,20.8,20.4,19.9,19.5,18.8,18.1,17.4,16.7,16,15.4,14.7,14,13.3,12.6,11.9,11.3,10.8,10.4,10,9.6,9.2,8.9,8.6,8.3,
Iraq,IRQ,"Mortality rate, neonatal (per 1,000 live births)",SH.DYN.NMRT,,,,,,,,,,,,,,,,,,,,,,,,30,29.4,28.7,28.2,27.7,27.2,26.8,26.4,26,25.7,25.5,25.3,25.1,24.9,24.7,24.4,24.2,23.9,23.6,23.3,23,22.6,22.2,21.8,21.4,21,20.5,19.9,19.3,18.7,18.1,17.5,17,16.4,15.9,15.4,14.9,14.4,
Iceland,ISL,"Mortality rate, neonatal (per 1,000 live births)",SH.DYN.NMRT,11.3,11.3,11.2,11.1,11,10.8,10.6,10.4,10.2,9.9,9.6,9.2,8.8,8.4,7.9,7.4,6.9,6.5,6.1,5.7,5.4,5.1,4.9,4.6,4.4,4.2,4.1,3.9,3.8,3.6,3.5,3.3,3.2,3,2.9,2.7,2.6,2.5,2.3,2.2,2.1,2,1.9,1.8,1.7,1.6,1.6,1.5,1.4,1.4,1.3,1.3,1.3,1.2,1.2,1.2,1.1,1.1,1.1,1,1,
Israel,ISR,"Mortality rate, neonatal (per 1,000 live births)",SH.DYN.NMRT,,,,,,,,,,,,,,,,13.1,12.6,11.9,11.2,10.5,10,9.4,8.9,8.4,8.1,7.8,7.5,7.2,6.9,6.6,6.3,5.9,5.5,5.1,4.7,4.5,4.2,4,3.8,3.7,3.6,3.5,3.3,3.1,2.9,2.7,2.6,2.5,2.4,2.4,2.4,2.3,2.3,2.2,2.1,2.1,2,2,2,1.9,1.9,
Italy,ITA,"Mortality rate, neonatal (per 1,000 live births)",SH.DYN.NMRT,24.4,23.5,22.9,22.8,22.8,22.7,22.4,21.9,21.2,20.6,20.4,20.2,19.7,18.5,17.2,15.9,14.9,14,13.1,12.2,11.3,10.5,9.8,9.3,8.8,8.3,7.8,7.4,7.1,6.8,6.5,6,5.6,5.3,5,4.7,4.4,4.2,3.9,3.7,3.5,3.2,3.1,2.9,2.8,2.7,2.6,2.5,2.5,2.5,2.4,2.4,2.3,2.2,2.2,2.1,2.1,2,1.9,1.8,1.7,
Jamaica,JAM,"Mortality rate, neonatal (per 1,000 live births)",SH.DYN.NMRT,35,33.8,32.7,31.6,30.5,29.5,28.6,27.6,26.7,25.7,24.7,23.8,23.2,22.7,22.4,22.2,22,22,21.9,21.8,21.8,21.7,21.6,21.5,21.4,21.2,20.9,20.6,20.4,20.1,19.8,19.6,19.3,19,18.7,18.5,18.3,18,17.7,17.4,17,16.5,16.1,15.6,15.1,14.7,14.2,13.9,13.6,13.2,12.9,12.5,12.2,11.8,11.4,11,10.7,10.3,10,9.6,9.3,
Jordan,JOR,"Mortality rate, neonatal (per 1,000 live births)",SH.DYN.NMRT,40.1,39.3,38.4,37.5,36.5,35.6,34.6,33.7,32.8,31.9,31.1,30.2,29.5,28.7,28,27.4,26.8,26.3,26,25.7,25.5,25.3,25,24.6,24.1,23.4,22.7,21.9,21.2,20.6,20,19.3,18.8,18.3,17.9,17.5,17.2,16.9,16.6,16.3,16,15.6,15.2,14.7,14.2,13.8,13.3,12.9,12.5,12.2,11.8,11.5,11.2,10.9,10.6,10.2,10,9.7,9.4,9.1,8.8,
Japan,JPN,"Mortality rate, neonatal (per 1,000 live births)",SH.DYN.NMRT,,,,,,,,,9.6,9.1,8.7,8.2,7.8,7.4,7.1,6.7,6.4,6.1,5.7,5.3,4.9,4.6,4.3,4,3.7,3.4,3.2,2.9,2.8,2.6,2.5,2.5,2.4,2.3,2.2,2.2,2.1,2,1.9,1.8,1.8,1.7,1.7,1.6,1.5,1.4,1.3,1.3,1.2,1.2,1.1,1,1,1,0.9,0.9,0.9,0.9,0.9,0.9,0.8,
Kazakhstan,KAZ,"Mortality rate, neonatal (per 1,000 live births)",SH.DYN.NMRT,,,,,,,,,,,,,27,26.6,26.3,26,25.6,25.4,25.2,24.9,24.6,24.4,24.1,23.9,23.6,23.4,23.2,22.9,22.7,22.7,22.7,23,23.4,24,24.6,25,25.2,25.1,24.9,24.5,23.9,23.3,22.7,21.8,20.8,19.7,18.5,17,15.3,13.5,11.8,10.2,8.6,7.3,6.2,5.6,5.1,4.9,4.7,4.7,4.8,
Kenya,KEN,"Mortality rate, neonatal (per 1,000 live births)",SH.DYN.NMRT,48.4,46.9,45.4,44,42.9,42,41.4,40.9,40.5,39.9,39.3,38.6,37.8,37,36.2,35.5,34.9,34.4,33.9,33.3,32.8,32.3,31.8,31.3,30.7,30.2,29.5,28.9,28.4,27.9,27.5,27.4,27.3,27.4,27.5,27.7,27.8,28,28.2,28.2,28.2,28,27.8,27.5,27.1,26.6,26.1,25.6,25.1,24.6,24.2,23.9,23.5,23.2,22.9,22.6,22.2,21.8,21.4,21,20.5,
Kyrgyz Republic,KGZ,"Mortality rate, neonatal (per 1,000 live births)",SH.DYN.NMRT,,,,,,,,,,,,,,,,,,,,29.7,28.9,28,27,26.1,25.4,25.1,24.8,24.7,24.5,24.4,24.4,24.6,25.2,25.8,26,25.6,24.6,23.4,22.2,21.2,20.6,20.2,20,19.9,19.7,19.6,19.5,19.1,18.5,17.7,16.9,16.3,15.9,15.5,15.1,14.6,14,13.4,12.8,12.2,11.7,
Cambodia,KHM,"Mortality rate, neonatal (per 1,000 live births)",SH.DYN.NMRT,,,,,,,,,,,,,,,,,,61.1,58.4,55.5,52.3,49.3,46.6,44.6,43.4,42.5,42,41.5,41.1,40.7,40.3,39.9,39.5,39.3,39.1,38.9,38.7,38.2,37.6,36.6,35.2,33.4,31.5,29.7,28.2,26.8,25.6,24.5,23.5,22.4,21.3,20.3,19.3,18.3,17.2,16.4,15.6,14.9,14.3,13.8,13.2,
Kiribati,KIR,"Mortality rate, neonatal (per 1,000 live births)",SH.DYN.NMRT,,,,,,,,,,,,,,,,,,,,,,,,,,,,,,35.4,34.6,33.8,32.9,32.2,31.6,31,30.4,29.9,29.3,28.6,28,27.4,26.9,26.5,26.2,26,25.8,25.8,25.7,25.6,25.4,25.2,24.8,24.4,24,23.6,23.2,22.8,22.3,21.9,21.3,
St. Kitts and Nevis,KNA,"Mortality rate, neonatal (per 1,000 live births)",SH.DYN.NMRT,,,,,,,,,,,,,,,,,,24.7,24.6,24.4,24.2,23.9,23.5,23,22.5,22,21.3,20.6,20,19.5,19.1,18.9,18.8,18.8,18.7,18.6,18.4,18.1,17.7,17.2,16.6,16,15.3,14.6,13.9,13.3,12.8,12.4,12.1,11.8,11.7,11.6,11.5,11.5,11.4,11.2,11.1,10.8,10.6,10.3,10,
"Korea, Rep.",KOR,"Mortality rate, neonatal (per 1,000 live births)",SH.DYN.NMRT,28.5,28.3,28,27.8,27.4,26.9,26.4,25.8,25.1,24.3,23.5,22.8,22,21.3,20.7,20.1,19.6,19.1,18.5,17.9,17.2,16.1,14.9,13.8,12.7,11.6,10.5,9.6,8.7,7.9,7.3,6.7,6.1,5.7,5.2,4.8,4.5,4.1,3.9,3.6,3.4,3.2,3,2.8,2.6,2.4,2.2,2,1.9,1.8,1.8,1.7,1.7,1.7,1.7,1.6,1.6,1.6,1.5,1.5,1.5,
Kuwait,KWT,"Mortality rate, neonatal (per 1,000 live births)",SH.DYN.NMRT,,,,,,,,,,,,,,,,,,,,,,,,,,12.5,12,11.6,11.1,10.4,9.6,9.1,8.7,8.3,8.1,7.8,7.6,7.3,7,6.8,6.6,6.4,6.2,6.1,5.9,5.8,5.8,5.7,5.7,5.6,5.5,5.3,5.2,5.1,5,4.9,4.9,4.9,4.9,4.9,5,
Latin America & Caribbean (excluding high income),LAC,"Mortality rate, neonatal (per 1,000 live births)",SH.DYN.NMRT,,,,,,,,,,,,,,,,,,,,,,,,,,,,,,,23.62683145,22.86585763,22.19831102,21.52154136,20.86902394,20.20296745,19.47883105,18.7966817,18.14889568,17.47261295,16.76799453,16.0413878,15.3129255,14.59482592,13.92541641,13.35081711,12.84173723,12.43150733,12.04682951,11.66862175,11.39227783,11.03425255,10.73107879,10.43493838,10.12184611,9.892097669,9.94600737,9.643580086,9.499187663,9.207410123,8.930839262,
Lao PDR,LAO,"Mortality rate, neonatal (per 1,000 live births)",SH.DYN.NMRT,,,,,,,,,,,,,,,,,,,,,,,53.9,53.1,52.3,51.6,50.9,50.1,49.3,48.3,47.3,46.4,45.5,44.6,43.7,42.8,41.9,41,40.1,39.2,38.2,37.3,36.4,35.5,34.6,33.6,32.7,31.7,30.7,29.8,28.9,28,27.2,26.3,25.5,24.8,24.1,23.5,22.8,22.2,21.7,
Lebanon,LBN,"Mortality rate, neonatal (per 1,000 live births)",SH.DYN.NMRT,,,,,,,,,,,,,,33.9,33.5,33.1,32.6,32,31.4,30.9,30.2,29.6,28.8,28,27,26.1,25.1,24.2,23.1,21.8,20.6,19.4,18.3,17.3,16.3,15.4,14.6,13.8,13.1,12.4,11.7,10.9,10.2,9.6,8.9,8.2,7.6,7,6.6,6.2,5.9,5.6,5.4,5.2,5,4.8,4.6,4.4,4.3,4.1,4,
Liberia,LBR,"Mortality rate, neonatal (per 1,000 live births)",SH.DYN.NMRT,,,,105.2,103.9,102.2,100.2,97.9,95.7,93.2,90.7,88.4,86.1,84,82.1,80.1,78.5,76.8,75.2,73.7,72.2,70.6,69.1,67.4,65.8,64.3,63.3,62.4,61.7,60.9,60.1,59.1,58.1,57.3,56.6,55.8,54.8,53.5,51.9,50.1,48.1,46,43.9,41.9,40,38.4,36.9,35.6,34.5,33.5,32.9,32.5,32.3,32.3,32.3,32.2,32,31.8,31.4,31.1,30.6,
Libya,LBY,"Mortality rate, neonatal (per 1,000 live births)",SH.DYN.NMRT,,,,,,,,,,,,,37.4,36,34.8,33.6,32.5,31.4,30.3,29.3,28.5,27.5,26.7,25.9,25.1,24.4,23.7,23.1,22.4,21.8,21.3,20.7,20.1,19.4,18.6,17.8,17.2,16.6,16.1,15.6,15.1,14.7,14.3,13.8,13.2,12.5,11.7,10.9,10.1,9.5,9,8.6,8.1,7.7,7.4,7.1,6.9,6.6,6.4,6.2,6,
St. Lucia,LCA,"Mortality rate, neonatal (per 1,000 live births)",SH.DYN.NMRT,,,,,,,,,,,,,20,18.6,17.3,16.4,16,15.9,16.2,16.3,16.2,15.9,15.5,15,14.5,14,13.6,13.3,12.9,12.5,12.1,11.7,11.3,11.1,10.8,10.7,10.7,10.8,10.9,11.2,11.4,11.6,11.8,12,12.2,12.3,12.3,12.4,12.5,12.6,12.7,12.8,12.8,12.7,12.6,12.4,12.4,12.4,12.5,12.7,12.9,
Latin America & Caribbean,LCN,"Mortality rate, neonatal (per 1,000 live births)",SH.DYN.NMRT,,,,,,,,,,,,,,,,,,,,,,,,,,,,,,,22.6,22,21.3,20.7,20.1,19.4,18.7,18.1,17.5,16.9,16.2,15.5,14.8,14.1,13.5,13,12.5,12.1,11.8,11.4,11.2,10.9,10.6,10.3,10.1,10,10.1,9.8,9.6,9.4,9.1,
Least developed countries: UN classification,LDC,"Mortality rate, neonatal (per 1,000 live births)",SH.DYN.NMRT,,,,,,,,,,,,,,,,,,,,,,,,,,,,,,,52.18702018,51.11212292,50.11214106,49.09698196,48.14156397,47.1389382,46.17956399,45.18150587,44.14988817,43.08175072,41.9771002,40.85402158,39.71809512,38.61966147,37.55529365,36.54014045,35.58180747,34.62179809,33.74510311,32.87871954,32.072774,31.25891538,30.49523595,29.74980531,29.03046863,28.31983796,27.632981,26.96018427,26.29520215,25.67307445,25.09382068,
Low income,LIC,"Mortality rate, neonatal (per 1,000 live births)",SH.DYN.NMRT,,,,,,,,,,,,,,,,,,,,,,,,,,,,,,,49,48.4,47.8,47.2,46.6,45.9,45.2,44.5,43.6,42.7,41.8,40.8,39.8,38.8,37.9,36.9,36.1,35.2,34.4,33.6,32.8,32.1,31.4,30.7,30,29.4,28.8,28.2,27.5,27,26.4,
Liechtenstein,LIE,"Mortality rate, neonatal (per 1,000 live births)",SH.DYN.NMRT,,,,,,,,,,,,,,,,,,,,,,,,,,,,,,,,,,,,,,,,,,,,,,,,,,,,,,,,,,,,,,
Sri Lanka,LKA,"Mortality rate, neonatal (per 1,000 live births)",SH.DYN.NMRT,40.2,39.4,38.8,38.2,37.6,36.8,35.8,34.8,33.7,32.8,31.9,31,30,28.9,27.7,26.5,25.5,24.8,24.5,24.3,23.3,21,18.4,17,16.6,16.8,16.8,16.3,15.6,14.8,13.8,13.1,12.7,12.6,12.6,12.5,12.3,11.8,11.2,10.5,9.7,9.1,8.5,7.9,7.6,7,6.9,6.9,6.8,6.8,6.4,6.3,6.1,5.9,5.5,5.1,4.8,4.6,4.4,4.2,4,
Lower middle income,LMC,"Mortality rate, neonatal (per 1,000 live births)",SH.DYN.NMRT,,,,,,,,,,,,,,,,,,,,,,,,,,,,,,,47.7,46.8,46,45.3,44.5,43.7,42.9,42,41,39.9,38.9,37.8,36.7,35.6,34.5,33.6,32.6,31.8,30.9,30,29.1,28.3,27.5,26.7,25.9,25.2,24.6,23.9,23.2,22.5,21.8,
Low & middle income,LMY,"Mortality rate, neonatal (per 1,000 live births)",SH.DYN.NMRT,,,,,,,,,,,,,,,,,,,,,,,,,,,,,,,40.15126755,39.679411,39.21717267,38.72159715,38.14245584,37.49122997,36.76588671,35.97145871,35.14832557,34.27472929,33.36023506,32.35453834,31.32604785,30.31363536,29.30561946,28.37756504,27.46054467,26.602416,25.80007724,24.98456463,24.20537014,23.45985462,22.77478969,22.11672843,21.48703755,20.92053205,20.41639192,19.89868006,19.41617131,18.88550345,18.42046369,
Lesotho,LSO,"Mortality rate, neonatal (per 1,000 live births)",SH.DYN.NMRT,63.5,63.8,64.1,64.5,65,65.1,65.1,64.7,64.2,63.4,62.4,61.1,59.8,58.4,56.7,54.8,52.8,50.7,48.6,46.6,44.7,43.1,41.8,40.9,40.3,39.8,39.5,39.4,39.4,39.5,39.6,39.7,39.8,39.8,39.8,39.8,39.7,39.5,39.4,39.4,39.6,39.9,40.1,40.2,40.3,40.5,40.8,41.1,41.4,41.7,42,42.4,42.8,43.5,44.1,44.7,45.1,45.2,45.1,44.8,44.3,
Late-demographic dividend,LTE,"Mortality rate, neonatal (per 1,000 live births)",SH.DYN.NMRT,,,,,,,,,,,,,,,,,,,,,,,,,,,,,,,26.06309125,25.70060895,25.29082357,24.69899167,24.00849,23.20484665,22.33402332,21.45893955,20.61598225,19.70697962,18.81336847,17.63851434,16.46524469,15.30255439,14.11662725,13.06187155,12.03385813,11.12287003,10.28222712,9.508717856,8.88381248,8.277255222,7.793667381,7.316583817,6.841185392,6.434364476,6.155484291,5.774939858,5.46362185,5.12971021,4.934558848,
Lithuania,LTU,"Mortality rate, neonatal (per 1,000 live births)",SH.DYN.NMRT,,,,,,,,,,,,,,,,,,,,,,7.2,7,6.9,7,7.2,7.1,6.6,6.3,6.7,7.9,9.6,10.7,10.6,9.4,7.8,6.4,5.6,5.1,4.8,4.5,4.4,4.4,4.5,4.5,4.4,4.1,3.8,3.4,3.2,2.9,2.8,2.6,2.5,2.4,2.4,2.4,2.3,2.2,2,1.9,
Luxembourg,LUX,"Mortality rate, neonatal (per 1,000 live births)",SH.DYN.NMRT,,,,,,16.6,15.5,14.6,13.9,13.3,12.6,11.9,11.1,10.4,9.8,9.2,8.7,8.2,7.6,7,6.5,6.1,5.7,5.5,5.3,5.1,5,4.8,4.7,4.5,4.3,4,3.7,3.5,3.3,3.1,2.9,2.7,2.6,2.4,2.3,2.2,2,1.9,1.8,1.7,1.7,1.6,1.6,1.6,1.5,1.5,1.5,1.6,1.6,1.6,1.6,1.7,1.7,1.7,1.7,
Latvia,LVA,"Mortality rate, neonatal (per 1,000 live births)",SH.DYN.NMRT,,,,,,,,,,,,,,,,,,,,,7.5,7.3,7.1,6.9,6.7,6.6,6.5,6.4,6.6,7.3,8.3,9.6,10.6,11.3,11.5,11.3,10.6,9.7,8.7,7.9,7.1,6.6,6.2,5.9,5.6,5.4,5.2,5,4.8,4.5,4.2,3.9,3.5,3.2,2.9,2.7,2.6,2.4,2.4,2.3,2.3,
"Macao SAR, China",MAC,"Mortality rate, neonatal (per 1,000 live births)",SH.DYN.NMRT,,,,,,,,,,,,,,,,,,,,,,,,,,,,,,,,,,,,,,,,,,,,,,,,,,,,,,,,,,,,,,
St. Martin (French part),MAF,"Mortality rate, neonatal (per 1,000 live births)",SH.DYN.NMRT,,,,,,,,,,,,,,,,,,,,,,,,,,,,,,,,,,,,,,,,,,,,,,,,,,,,,,,,,,,,,,
Morocco,MAR,"Mortality rate, neonatal (per 1,000 live births)",SH.DYN.NMRT,67.1,66.3,65.5,64.5,63.5,62.3,61.1,59.9,58.7,57.6,56.6,55.8,55.1,54.3,53.6,52.8,52,51.2,50.3,49.2,48.2,47.1,45.8,44.6,43.3,42.1,40.9,39.7,38.7,37.7,36.7,35.8,35,34.2,33.3,32.5,31.6,30.8,30,29.2,28.4,27.7,27,26.2,25.5,24.6,23.7,22.8,21.7,20.5,19.3,18.2,17.2,16.2,15.3,14.5,13.8,13.1,12.5,12,11.5,
Monaco,MCO,"Mortality rate, neonatal (per 1,000 live births)",SH.DYN.NMRT,,,,,,,,,,,,,,,,,,,,,,,,,,,,,,4.2,4.1,3.9,3.8,3.7,3.5,3.4,3.2,3.1,3,2.9,2.8,2.7,2.6,2.5,2.5,2.4,2.4,2.3,2.2,2.2,2.2,2.1,2.1,2,1.9,1.9,1.8,1.8,1.7,1.7,1.6,
Moldova,MDA,"Mortality rate, neonatal (per 1,000 live births)",SH.DYN.NMRT,,,,,,,,,,,,,,,,,,,,,,,21.8,21.3,20.8,20.3,19.8,19.3,18.8,18.5,18.5,18.8,19.6,20.7,21.6,22.5,23,23.2,23,21.9,20.4,18.7,17.1,15.6,14.5,13.8,13.3,13,12.8,12.7,12.6,12.4,12.2,12,11.7,11.5,11.3,11.2,11,10.8,10.6,
Madagascar,MDG,"Mortality rate, neonatal (per 1,000 live births)",SH.DYN.NMRT,,,,,,,,,,34.5,34.6,34.8,35,35.3,35.6,36.1,36.6,37.3,37.9,38.4,39,39.5,39.9,40.3,40.5,40.6,40.4,40.2,39.7,39.2,38.6,38,37.3,36.6,35.9,35.1,34.3,33.4,32.4,31.5,30.7,29.9,29.2,28.5,27.9,27.3,26.7,26,25.5,24.9,24.4,24,23.6,23.1,22.7,22.3,21.9,21.5,21.1,20.7,20.3,
Maldives,MDV,"Mortality rate, neonatal (per 1,000 live births)",SH.DYN.NMRT,,,,,,,,,,,,,,,,,,,,,,,,,,,,,,40.3,39,37.8,36.6,35.3,33.8,32.3,30.5,28.6,26.6,24.5,22.4,20,17.5,15.3,13.6,12.1,10.9,9.9,9,8.3,7.7,7,6.5,6.2,5.9,5.7,5.5,5.2,4.9,4.5,4.1,
Middle East & North Africa,MEA,"Mortality rate, neonatal (per 1,000 live births)",SH.DYN.NMRT,,,,,,,,,,,,,,,,,,,,,,,,,,,,,,,27.8,27,26.3,25.6,24.9,24.2,23.6,23,22.4,21.8,21.2,20.6,20,19.5,18.9,18.3,17.7,17.1,16.5,15.8,15.3,14.8,14.4,13.9,13.5,13.1,12.8,12.6,12.4,12.1,11.9,
Mexico,MEX,"Mortality rate, neonatal (per 1,000 live births)",SH.DYN.NMRT,52.1,50.3,48.9,47.9,47.5,47.3,47.3,47,46.4,45.4,43.9,42.3,40.8,39.1,37.5,35.8,34.2,32.8,31.5,30.5,29.6,28.8,28.1,27.4,26.6,25.9,25.2,24.5,23.8,23.1,22.5,21.8,21.2,20.5,19.8,19,18.1,17.2,16.3,15.3,14.4,13.4,12.4,11.4,10.5,9.9,9.4,9.3,9.2,9.1,9,8.9,8.7,8.5,8.3,8.3,8.4,8.6,8.7,8.6,8.4,
Marshall Islands,MHL,"Mortality rate, neonatal (per 1,000 live births)",SH.DYN.NMRT,,,,,,,,,,,,,,,,,,,,,,,,,,,,,,18.9,18.4,18,17.5,17.2,17.1,17.2,17.5,17.9,18.3,18.7,18.8,18.9,18.8,18.7,18.6,18.5,18.3,18.2,18.1,18,17.8,17.6,17.4,17.2,16.9,16.5,16,15.6,15.1,14.7,14.2,
Middle income,MIC,"Mortality rate, neonatal (per 1,000 live births)",SH.DYN.NMRT,,,,,,,,,,,,,,,,,,,,,,,,,,,,,,,39.09787565,38.6069433,38.11949049,37.59834878,36.97175903,36.28691694,35.51559154,34.68152001,33.82742815,32.92285866,31.98545078,30.9506499,29.8934216,28.85168633,27.81472139,26.86173307,25.91191994,25.03223046,24.20986961,23.36452252,22.55927886,21.7863452,21.07985563,20.40215676,19.75541158,19.18005868,18.67505012,18.14233133,17.65926561,17.1073365,16.62823644,
North Macedonia,MKD,"Mortality rate, neonatal (per 1,000 live births)",SH.DYN.NMRT,,,,,,,,,,,,,,,,,,,,,,,20.6,20.1,19.8,19.9,20,19.7,18.9,18.1,17.3,16.3,15.6,14.9,13.8,12.4,11.2,10.7,10.6,10.3,9.6,9,8.9,9,9,8.7,8.4,8.1,7.8,7.4,7,6.7,6.9,7.4,7.9,8.1,7.8,6.8,5.5,4.5,3.9,
Mali,MLI,"Mortality rate, neonatal (per 1,000 live births)",SH.DYN.NMRT,,,,,99.8,99.4,98.9,98.5,98.2,97.9,97.8,97.4,96.8,95.9,95,93.8,92.5,91,89,86.5,83.6,80.6,77.6,75.1,73.1,72.1,71.2,70.5,69.6,68.4,66.8,65.2,63.7,62.3,60.8,59.2,57.5,55.9,54.3,52.7,51,49.3,47.6,46.1,44.7,43.6,42.6,41.7,40.8,39.8,38.9,38,37.1,36.4,35.6,34.9,34.2,33.6,32.9,32.3,31.6,
Malta,MLT,"Mortality rate, neonatal (per 1,000 live births)",SH.DYN.NMRT,,,,,,,,,,,19,18.1,17.1,16.1,15.2,14.3,13.5,12.9,12.3,11.9,11.4,11,10.7,10.3,9.8,9.4,8.9,8.5,8.1,7.8,7.5,7.3,7.1,6.9,6.6,6.4,6.1,5.9,5.6,5.4,5.2,5,4.9,4.8,4.7,4.6,4.5,4.5,4.5,4.5,4.4,4.4,4.4,4.4,4.4,4.4,4.4,4.4,4.4,4.3,4.3,
Myanmar,MMR,"Mortality rate, neonatal (per 1,000 live births)",SH.DYN.NMRT,,,,,,,,,,,,,,,,,,,,,,,,,,,,,,48.9,48.2,47.2,46.2,45.2,44.1,43,41.9,40.9,39.8,38.7,37.6,36.6,35.6,34.5,33.6,32.6,31.7,30.9,30.5,29.2,28.5,27.8,27.1,26.5,25.9,25.2,24.6,24,23.4,22.9,22.3,
Middle East & North Africa (excluding high income),MNA,"Mortality rate, neonatal (per 1,000 live births)",SH.DYN.NMRT,,,,,,,,,,,,,,,,,,,,,,,,,,,,,,,28.97358139,28.21199341,27.49670541,26.80856781,26.16119901,25.55976862,24.96281701,24.384798,23.8460726,23.27681729,22.70883547,22.1332142,21.54014093,20.94000729,20.32777134,19.69885471,19.06039984,18.44066036,17.77464763,17.14297783,16.50162154,15.98781345,15.51534807,15.08482139,14.61712826,14.20843591,13.89409109,13.63961743,13.41027829,13.17658373,12.89561965,
Montenegro,MNE,"Mortality rate, neonatal (per 1,000 live births)",SH.DYN.NMRT,,,,,,,,,,,,,,,,,,,,,,,,,,,,,,11.5,10.8,10.3,9.9,9.6,9.4,9.3,9.2,9,8.9,8.7,8.6,8.4,8.2,7.9,7.4,6.9,6.4,5.9,5.4,4.9,4.4,3.9,3.5,3,2.6,2.3,1.9,1.7,1.4,1.3,1.1,
Mongolia,MNG,"Mortality rate, neonatal (per 1,000 live births)",SH.DYN.NMRT,,,,,,,,,,,,,,,,,,,,,,,,,,,30,29.8,29.7,29.6,29.6,29.6,29.6,29.6,29.4,29,28.4,27.4,26.3,25,23.7,22.4,21.2,19.9,18.7,17.6,16.5,15,13.6,12.4,11.4,10.8,10.3,10,9.8,9.6,9.3,9,8.7,8.3,7.9,
Northern Mariana Islands,MNP,"Mortality rate, neonatal (per 1,000 live births)",SH.DYN.NMRT,,,,,,,,,,,,,,,,,,,,,,,,,,,,,,,,,,,,,,,,,,,,,,,,,,,,,,,,,,,,,,
Mozambique,MOZ,"Mortality rate, neonatal (per 1,000 live births)",SH.DYN.NMRT,,,,,,,,,,,,,,,,,,,,,65.5,65.6,65.7,65.7,65.7,65.5,65.2,64.6,64,63.4,62.7,61.9,61,59.9,58.7,57.2,55.5,53.4,51.1,48.8,46.6,44.5,42.6,40.9,39.4,38.2,37.1,36.1,35.3,34.6,34,33.4,32.8,32.3,31.8,31.3,30.7,30.1,29.5,28.9,28.3,
Mauritania,MRT,"Mortality rate, neonatal (per 1,000 live births)",SH.DYN.NMRT,57.2,57.3,57.4,57.7,57.8,58,58,57.8,57.5,57.2,57.1,57.2,57.3,57.4,57.4,57.3,57,56.7,56.2,55.9,55.8,55.9,55.7,55.3,54.3,53.1,51.7,50.2,48.7,47.5,46.4,45.6,45,44.6,44.4,44.3,44.1,43.9,43.4,42.9,42.5,42.1,41.8,41.5,41.3,40.9,40.4,39.9,39.3,38.6,37.9,37.2,36.5,35.8,35.2,34.6,33.8,33.1,32.4,31.8,31.2,
Mauritius,MUS,"Mortality rate, neonatal (per 1,000 live births)",SH.DYN.NMRT,,,,,,,,,,29.9,28.9,29.3,29.9,29.1,27,24.8,23.3,22.2,21.3,20.6,19.9,19.2,18,17.1,16.9,16.9,17.2,17.3,16.8,15.7,14.6,14,13.8,14,14.5,15.1,15.5,15.5,14.9,13.7,12.4,11.3,10.6,10.2,10.1,10.2,10.2,10,9.7,9.4,9.3,9.3,9.5,9.5,9.3,9.1,9.1,9.3,9.7,10.1,10.5,
Malawi,MWI,"Mortality rate, neonatal (per 1,000 live births)",SH.DYN.NMRT,,,,,,,,,,70.1,69.5,68.7,67.5,66.2,64.7,63.3,61.9,60.8,59.5,58.3,57.1,56.1,55.2,54.7,54.5,54.3,53.9,53.3,52.5,51.6,50.5,49.3,48.1,47.1,46,45.2,44.4,43.5,42.4,40.9,39.1,37,34.8,32.7,31,29.8,29.2,28.9,28.8,28.5,27.9,27.1,26,24.8,23.7,22.7,21.8,21,20.3,19.7,19.1,
Malaysia,MYS,"Mortality rate, neonatal (per 1,000 live births)",SH.DYN.NMRT,20.9,20,19.3,18.6,18,17.5,17.1,16.7,16.5,16.2,16,15.8,15.6,15.3,15.1,14.7,14.4,14.1,13.4,12.7,12,11.3,10.7,10.1,9.6,9.1,8.7,8.3,7.9,7.6,7.3,7,6.8,6.5,6.3,6.1,6,5.8,5.5,5.2,4.8,4.5,4.3,4.1,4,4,4,4,4.1,4.1,4.2,4.1,4.1,4.1,4.1,4.2,4.3,4.4,4.5,4.6,4.6,
North America,NAC,"Mortality rate, neonatal (per 1,000 live births)",SH.DYN.NMRT,,,,,,,,,,,,,,,,,,,,,,,,,,,,,,,5.6,5.4,5.3,5.2,5,4.9,4.8,4.8,4.7,4.6,4.6,4.6,4.6,4.6,4.5,4.4,4.4,4.3,4.2,4.1,4.1,4,4,4,4,3.9,3.8,3.7,3.6,3.5,3.4,
Namibia,NAM,"Mortality rate, neonatal (per 1,000 live births)",SH.DYN.NMRT,,,,,,,,,,30.5,30.9,31.4,31.9,32.3,32.7,33,33.1,33.1,33,32.8,32.8,32.7,32.6,32.3,31.8,31.1,30.3,29.7,29.1,28.6,28.2,27.9,27.4,27,26.5,26.1,25.6,25.2,24.8,24.2,23.4,22.6,21.8,21,20.5,20,19.8,19.9,20.2,20.7,21,21.3,21.6,21.7,21.8,21.7,21.5,21.2,20.8,20.5,20.1,
New Caledonia,NCL,"Mortality rate, neonatal (per 1,000 live births)",SH.DYN.NMRT,,,,,,,,,,,,,,,,,,,,,,,,,,,,,,,,,,,,,,,,,,,,,,,,,,,,,,,,,,,,,,
Niger,NER,"Mortality rate, neonatal (per 1,000 live births)",SH.DYN.NMRT,,,,,,,,,,59.7,60.1,60.7,61.2,61.5,61.5,61.2,60.4,59.4,58.4,57.6,57,56.7,56.7,56.8,57,57.1,57,56.8,56.2,55.5,54.5,53.6,52.6,51.5,50.3,49,47.8,46.7,45.6,44.3,43,41.6,40.2,38.9,37.7,36.5,35.3,34.1,32.9,31.8,30.7,29.7,28.8,28,27.4,26.8,26.2,25.7,25.1,24.6,24.1,
Nigeria,NGA,"Mortality rate, neonatal (per 1,000 live births)",SH.DYN.NMRT,,,,,,,,69.4,68.6,67.5,66.3,65,63.7,62.3,61,59.7,58.3,57.1,55.8,54.6,53.5,52.5,51.6,50.9,50.4,50,49.8,49.7,49.8,49.8,49.9,49.9,50,50.1,50,49.8,49.5,49,48.3,47.4,46.4,45.3,44.1,43,41.9,40.9,40.1,39.5,39,38.5,38.1,37.8,37.6,37.5,37.3,37.2,37,36.7,36.3,35.9,35.5,
Nicaragua,NIC,"Mortality rate, neonatal (per 1,000 live births)",SH.DYN.NMRT,,,,,,,,,,,,,,,39.3,38.3,37,35.6,34.1,32.6,31.3,30.3,29.3,28.4,27.6,26.8,26,25.2,24.4,23.6,22.9,22.2,21.6,21,20.4,19.8,19.1,18.5,18,17.3,16.8,16.4,15.7,15.2,14.7,14.4,14.2,14,13.8,13.6,13.4,13.3,13.1,12.8,12.4,11.9,11.4,10.8,10.3,9.8,9.4,
Netherlands,NLD,"Mortality rate, neonatal (per 1,000 live births)",SH.DYN.NMRT,13.4,13.1,12.6,12.1,11.6,11.3,11.1,10.7,10.2,9.8,9.5,9.2,8.8,8.5,8.1,7.7,7.3,6.8,6.4,6,5.7,5.5,5.3,5.2,5,4.9,4.8,4.8,4.7,4.7,4.6,4.5,4.4,4.2,4,3.8,3.6,3.6,3.7,3.8,3.8,3.8,3.7,3.6,3.6,3.4,3.3,3.2,3,2.9,2.8,2.7,2.7,2.7,2.6,2.6,2.6,2.6,2.6,2.7,2.7,
Norway,NOR,"Mortality rate, neonatal (per 1,000 live births)",SH.DYN.NMRT,12,12,12,11.9,11.7,11.4,11.1,10.7,10.4,10.1,9.7,9.3,8.9,8.3,7.7,7.2,6.7,6.2,5.8,5.4,5.1,4.8,4.7,4.6,4.6,4.6,4.5,4.4,4.3,4.1,4,3.8,3.6,3.4,3.2,3.1,2.9,2.8,2.8,2.7,2.7,2.6,2.5,2.4,2.3,2.3,2.2,2.1,2,1.9,1.9,1.8,1.8,1.7,1.7,1.6,1.6,1.5,1.4,1.4,1.3,
Nepal,NPL,"Mortality rate, neonatal (per 1,000 live births)",SH.DYN.NMRT,97.2,96.6,95.9,95.1,94.2,93.1,92.1,91,89.9,88.8,87.7,86.7,85.6,84.6,83.5,82.4,81.3,80.1,78.8,77.3,75.8,74.2,72.6,70.9,69.2,67.5,65.8,64,62.1,60,57.9,55.8,53.8,51.7,49.8,47.8,46,44.2,42.5,40.8,39.3,37.8,36.3,34.9,33.5,32.2,31,29.8,28.7,27.6,26.5,25.4,24.3,23.3,22.4,21.3,20.2,19.2,18.3,17.5,16.9,
Nauru,NRU,"Mortality rate, neonatal (per 1,000 live births)",SH.DYN.NMRT,,,,,,,,,,,,,,,,,,,,,,,,,,,,,,33.2,32.3,31.5,30.6,29.9,29.2,28.5,27.8,27.2,26.6,26.1,25.6,25.3,25.1,25,24.9,24.7,24.7,24.7,24.6,24.5,24.2,23.8,23.3,22.7,22,21.4,20.8,20.1,19.5,18.9,18.3,
New Zealand,NZL,"Mortality rate, neonatal (per 1,000 live births)",SH.DYN.NMRT,,,,,,,,,11.1,10.9,10.6,10.4,10.2,9.9,9.4,9,8.4,7.9,7.3,6.8,6.3,5.9,5.6,5.3,5.1,4.9,4.7,4.6,4.5,4.4,4.3,4.2,4,3.8,3.6,3.5,3.5,3.5,3.5,3.5,3.5,3.5,3.5,3.4,3.3,3.1,3,2.9,3,3.1,3.2,3.3,3.4,3.3,3.3,3.2,3.1,2.9,2.8,2.7,2.6,
OECD members,OED,"Mortality rate, neonatal (per 1,000 live births)",SH.DYN.NMRT,,,,,,,,,,,,,,,,,,,,,,,,,,,,,,,10.75708786,10.3617893,9.96725877,9.573979161,9.178970244,8.795116643,8.412083463,8.041573967,7.726681359,7.367253516,7.061866387,6.726067673,6.408367735,6.099238476,5.801773094,5.527828736,5.280615546,5.104748971,4.952962228,4.817203369,4.671708916,4.564557763,4.465932424,4.34396724,4.255720693,4.174608296,4.1320999,4.131853777,4.074943119,3.972662754,3.854832459,
Oman,OMN,"Mortality rate, neonatal (per 1,000 live births)",SH.DYN.NMRT,,,,,,,,,,,,51.5,49.8,48.1,46.3,44.6,42.8,40.9,38.9,36.8,34.5,32.3,30.1,27.9,26,24.2,22.6,21.2,19.9,18.7,17.5,16.1,14.5,13.1,11.9,10.8,9.9,9.2,8.5,7.9,7.3,6.9,6.5,6.2,5.9,5.7,5.6,5.4,5.3,5.3,5.2,5.2,5.1,5,5,5,5,5,5,4.9,4.9,
Other small states,OSS,"Mortality rate, neonatal (per 1,000 live births)",SH.DYN.NMRT,,,,,,,,,,,,,,,,,,,,,,,,,,,,,,,34.15481051,33.80886822,33.45258414,33.05111498,32.62699187,32.22158758,31.74016828,31.25617687,30.75997782,30.27056417,29.79122427,29.34210477,28.91258456,28.49892628,28.10448472,27.70111364,27.29768531,26.91184807,26.5467476,26.21545147,25.86430141,25.56597437,25.26511067,24.95580335,24.64173628,24.31319828,23.94018952,23.55182408,23.15145556,22.72921755,22.29096278,
Pakistan,PAK,"Mortality rate, neonatal (per 1,000 live births)",SH.DYN.NMRT,87.4,85.6,84.1,82.5,81.1,79.8,78.6,77.5,76.6,75.8,75.1,74.5,73.9,73.3,72.9,72.5,72.2,71.9,71.4,70.9,70.3,69.6,68.8,67.9,66.9,66,65.3,64.7,64.4,64.1,64,63.8,63.5,63.1,62.5,61.7,60.9,60,58.9,57.8,56.8,55.8,54.9,54,53.3,52.6,52,51.4,50.9,50.4,49.8,49,48.1,47.1,46.2,45.2,44.3,43.3,42.3,41.4,40.4,
Panama,PAN,"Mortality rate, neonatal (per 1,000 live births)",SH.DYN.NMRT,39.5,38.8,38.2,37.5,36.8,36,35.2,34.3,33.4,32.6,31.6,30.7,29.7,28.7,27.8,26.9,26.1,25.5,24.9,24.3,23.7,23.2,22.6,21.9,21.4,20.8,20.1,19.4,18.8,18.2,17.7,17.3,16.9,16.6,16.3,16,15.8,15.5,15.3,15,14.7,14.3,14,13.6,13.2,12.9,12.5,12.2,11.9,11.5,11.1,10.8,10.4,10.1,9.8,9.5,9.2,8.9,8.6,8.3,8,
Peru,PER,"Mortality rate, neonatal (per 1,000 live births)",SH.DYN.NMRT,56.2,55.3,54.2,53.2,52.1,51,50,49,47.8,46.5,45.7,43.9,42.7,41.5,40.4,39.4,38.6,37.9,37.4,36.9,36.6,36.2,35.8,35.2,34.4,33.5,32.4,31.2,30.1,28.9,27.9,26.8,25.7,24.6,23.3,22,20.6,19.3,18.1,17,16.1,15.2,14.3,13.5,12.8,12.2,11.7,11.1,10.6,10.1,9.7,9.4,9,8.7,8.4,8,7.8,7.5,7.2,7,6.7,
Philippines,PHL,"Mortality rate, neonatal (per 1,000 live births)",SH.DYN.NMRT,25.9,25.8,25.7,25.7,25.6,25.6,25.5,25.4,25.3,25.2,25.1,25,24.9,24.9,24.8,24.9,24.9,24.9,24.9,24.8,24.6,24.3,23.9,23.5,23.1,22.5,22,21.3,20.6,19.9,19.2,18.6,18.2,17.8,17.4,17.1,16.9,16.7,16.6,16.6,16.5,16.5,16.3,16.2,16,15.8,15.6,15.4,15.2,15,14.9,14.7,14.6,14.4,14.3,14.1,13.9,13.6,13.3,12.9,12.6,
Palau,PLW,"Mortality rate, neonatal (per 1,000 live births)",SH.DYN.NMRT,,,,,,,,,,,,,,,,,,,,,,,,,,,,,,19.3,19,18.7,18.4,18.1,17.7,17.2,16.8,16.4,16,15.7,15.4,15.1,14.8,14.5,14.2,14,13.7,13.4,13,12.7,12.3,11.9,11.6,11.2,10.9,10.5,10.2,9.8,9.5,9.2,8.9,
Papua New Guinea,PNG,"Mortality rate, neonatal (per 1,000 live births)",SH.DYN.NMRT,,,,,,,,,,,,,,,43.6,42.4,41.1,39.8,38.6,37.6,36.8,36.1,35.5,34.9,34.3,33.7,33.1,32.5,32.1,31.9,31.9,32.1,32.2,32.2,32.1,32,31.7,31.5,31.1,30.7,30.2,29.6,29.1,28.7,28.2,27.9,27.6,27.3,27,26.6,26.1,25.6,25.1,24.7,24.3,23.8,23.4,22.9,22.5,22,21.5,
Poland,POL,"Mortality rate, neonatal (per 1,000 live births)",SH.DYN.NMRT,,,,,,,,,,18.7,18.4,17.9,17.2,16.6,16.2,15.7,15.3,14.9,14.5,14.1,13.8,13.7,13.6,13.5,13.2,12.9,12.6,12.3,11.9,11.5,11.1,10.8,10.6,10.4,10.2,9.7,8.9,7.8,6.9,6.2,5.8,5.4,5.2,5,4.8,4.6,4.4,4.2,4,3.8,3.6,3.4,3.2,3.1,3,2.9,2.9,2.8,2.8,2.7,2.7,
Pre-demographic dividend,PRE,"Mortality rate, neonatal (per 1,000 live births)",SH.DYN.NMRT,,,,,,,,,,,,,,,,,,,,,,,,,,,,,,,46.50544268,46.03919133,45.65397158,45.28313931,44.89117807,44.45611288,43.98600308,43.40823856,42.72456038,41.94914608,41.08544407,40.15575874,39.21181304,38.29417812,37.37574411,36.50414601,35.72129505,34.97624442,34.29849198,33.6255461,32.99711626,32.41576324,31.86458761,31.35809725,30.84570309,30.37281672,29.88919137,29.39556553,28.86035134,28.3435185,27.82933727,
Puerto Rico,PRI,"Mortality rate, neonatal (per 1,000 live births)",SH.DYN.NMRT,,,,,,,,,,,,,,,,,,,,,,,,,,,,,,,,,,,,,,,,,,,,,,,,,,,,,,,,,,,,,,
"Korea, Dem. People's Rep.",PRK,"Mortality rate, neonatal (per 1,000 live births)",SH.DYN.NMRT,,,,,,,,,,,,,,,,,,,,,,,,,,,,,,20.8,22.1,23.8,25.7,27.7,29.4,30.8,31.6,31.5,30.8,29.4,27.3,24.9,22.5,20.5,18.8,17.7,17.4,17.4,17.1,16.7,15.9,14.9,13.9,12.9,12.1,11.4,10.8,10.3,9.8,9.3,8.9,
Portugal,PRT,"Mortality rate, neonatal (per 1,000 live births)",SH.DYN.NMRT,29.2,27.4,26.6,26.5,26.3,25.8,25.4,25.6,25.9,25.3,23.7,22.1,21.4,21.3,21.2,20.8,20.2,19.1,17.6,16.3,15.2,14.4,13.6,12.9,12.2,11.5,10.7,9.8,8.9,8,7.3,6.6,6,5.5,5,4.6,4.3,4,3.8,3.6,3.4,3.2,3,2.8,2.6,2.4,2.2,2.1,2.1,2.1,2.1,2.1,2.1,2.1,2.1,2.1,2.1,2,2,1.9,1.8,
Paraguay,PRY,"Mortality rate, neonatal (per 1,000 live births)",SH.DYN.NMRT,,,,,,,,31.1,31,30.7,30.5,30.3,29.9,29.6,29.2,28.7,28.3,27.8,27.3,26.9,26.4,25.9,25.5,25,24.6,24.2,23.9,23.4,23,22.6,22.1,21.6,21.2,20.7,20.3,20,19.7,19.3,18.9,18.5,18.1,17.7,17.3,16.9,16.5,16.1,15.7,15.2,14.8,14.4,14,13.5,13.1,12.7,12.3,11.9,11.6,11.2,10.8,10.4,10,
West Bank and Gaza,PSE,"Mortality rate, neonatal (per 1,000 live births)",SH.DYN.NMRT,,,,,,,,,,,,,,,,,,,,,,,,,,,,,24.2,23.4,22.7,22,21.4,20.8,20.3,19.8,19.1,18.5,17.9,17.5,17.1,16.8,16.5,16.1,15.7,15.3,14.8,14.4,13.9,13.5,13.2,12.9,12.6,12.3,12.1,11.8,11.5,11.2,10.9,10.6,10.3,
Pacific island small states,PSS,"Mortality rate, neonatal (per 1,000 live births)",SH.DYN.NMRT,,,,,,,,,,,,,,,,,,,,,,,,,,,,,,,15.49621636,15.06359828,14.58011052,14.11918826,13.7317834,13.3716071,13.06243911,12.79567317,12.5613051,12.33177411,12.17807664,12.09161072,12.08562206,12.17641596,12.21712512,12.21616992,12.10520876,11.88346134,11.56789121,11.29327186,11.04594261,10.85378871,10.69714463,10.58312676,10.5103913,10.46805792,10.40586366,10.35142885,10.28069261,10.21505015,10.03762985,
Post-demographic dividend,PST,"Mortality rate, neonatal (per 1,000 live births)",SH.DYN.NMRT,,,,,,,,,,,,,,,,,,,,,,,,,,,,,,,5.499724751,5.316319357,5.122511835,4.94794657,4.749230748,4.593582781,4.43516747,4.274648719,4.180299742,4.041311421,3.941240278,3.846821006,3.786940833,3.714261657,3.636201438,3.534005865,3.440242116,3.346285465,3.29034869,3.219727051,3.126210347,3.082364604,3.052138683,2.976353758,2.955142923,2.894732162,2.85101742,2.850958071,2.792011872,2.717046187,2.638768882,
French Polynesia,PYF,"Mortality rate, neonatal (per 1,000 live births)",SH.DYN.NMRT,,,,,,,,,,,,,,,,,,,,,,,,,,,,,,,,,,,,,,,,,,,,,,,,,,,,,,,,,,,,,,
Qatar,QAT,"Mortality rate, neonatal (per 1,000 live births)",SH.DYN.NMRT,,,,,,,,,,,,,,,,,,,,,,,,,,,,,,12.3,11.5,10.8,10.1,9.5,8.9,8.5,8.1,7.7,7.3,7,6.6,6.3,6.1,5.9,5.8,5.6,5.3,5.1,4.9,4.7,4.5,4.4,4.2,4.1,4,3.9,3.9,3.8,3.8,3.7,3.5,
Romania,ROU,"Mortality rate, neonatal (per 1,000 live births)",SH.DYN.NMRT,,,,,,,,,,,,,,,,,,,,,,,,,,,,,,17.2,16.1,15.1,14.5,14.3,14.2,13.9,13.4,12.8,12.1,11.3,10.5,9.9,9.6,9.4,9.1,8.5,7.7,6.9,6.3,5.8,5.4,5.2,5.1,5,4.7,4.3,3.9,3.6,3.4,3.4,3.5,
Russian Federation,RUS,"Mortality rate, neonatal (per 1,000 live births)",SH.DYN.NMRT,,,,,,,,,,,,,,,,,,,,,,,,,,,,,,11.2,10.9,10.8,10.8,10.8,10.7,10.6,10.3,10,9.6,9.3,9,8.6,8,7.3,6.8,6.4,6,5.4,4.9,4.6,4.6,4.7,4.7,4.6,4.4,4,3.5,3.2,2.9,2.6,2.3,
Rwanda,RWA,"Mortality rate, neonatal (per 1,000 live births)",SH.DYN.NMRT,62.5,61.9,61.4,61.1,61,60.8,60.6,60.5,60.3,60.3,60.3,60.3,60.5,61,61.7,62.4,62.8,62.6,61.8,60.4,58.2,55.6,52.8,50.4,48.3,46.4,44.6,43,41.7,41,41.1,42.3,44.1,46.2,50.3,49.4,49.7,49.2,47.8,45.7,43.2,40.2,37.3,34.6,32.1,30,28.1,26.5,25.1,24,23,22.1,21.3,20.7,20.2,19.7,19.3,19,18.6,18.2,17.9,
South Asia,SAS,"Mortality rate, neonatal (per 1,000 live births)",SH.DYN.NMRT,,,,,,,,,,,,,,,,,,,,,,,,,,,,,,,58.7,57.4,56.2,55.1,53.9,52.7,51.5,50.2,48.9,47.5,46.2,44.8,43.5,42.2,40.9,39.7,38.6,37.6,36.5,35.5,34.4,33.4,32.3,31.2,30.1,29.1,28.1,27,26,24.9,23.9,
Saudi Arabia,SAU,"Mortality rate, neonatal (per 1,000 live births)",SH.DYN.NMRT,,,,,,,,,,,,,,,,,,,,,,,,,,,,,,23,21.8,20.7,19.7,18.4,17.1,15.9,14.9,13.9,13,12.2,11.5,10.8,10.2,9.6,9,8.5,8.1,7.6,7.1,6.7,6.3,5.9,5.6,5.2,4.9,4.6,4.3,4.1,3.8,3.6,3.5,
Sudan,SDN,"Mortality rate, neonatal (per 1,000 live births)",SH.DYN.NMRT,,,,,,,,,,46.6,46.4,46.2,46.1,45.9,45.7,45.5,45.4,45.3,45.3,45.2,45.1,45.1,45,45.7,45.6,45.3,44.4,44.1,43.7,43.2,42.7,42.2,41.7,41.2,40.7,40.1,39.5,38.9,38.4,37.8,37.1,36.4,35.8,35.2,34.5,33.9,33.4,33,32.5,32.2,31.8,31.4,31,30.5,30,29.5,29,28.5,27.8,27.3,26.8,
Senegal,SEN,"Mortality rate, neonatal (per 1,000 live births)",SH.DYN.NMRT,62.5,61.7,60.9,60.1,59.3,58.5,57.7,57,56.3,55.6,55,54.4,53.8,53.2,52.5,51.7,50.7,49.7,48.6,47.7,47,46.4,45.9,45.3,44.6,43.8,42.9,42,41.2,40.6,40.3,40.1,40.1,40.2,40.2,40.2,40.2,40,39.6,39.1,38.2,37.2,36,34.7,33.4,32.1,30.8,29.6,28.6,27.6,26.8,26,25.3,24.7,24.2,23.7,23.1,22.4,21.8,21.1,20.6,
Singapore,SGP,"Mortality rate, neonatal (per 1,000 live births)",SH.DYN.NMRT,,,,,,,,,16.2,15.5,15,14.7,14.2,13.3,11.9,10.4,9.6,9.3,9.2,9,8.7,8.2,7.6,7.1,6.7,6.4,6,5.6,5.1,4.6,4.1,3.6,3.1,2.7,2.4,2.2,2.1,2,1.9,1.8,1.6,1.5,1.4,1.3,1.3,1.2,1.2,1.2,1.2,1.2,1.1,1.1,1.1,1,1,1,1,1,0.9,0.8,0.8,
Solomon Islands,SLB,"Mortality rate, neonatal (per 1,000 live births)",SH.DYN.NMRT,,,,,,,,,,,,,,,,,,,,,,,,,,,,,,15.1,14.8,14.6,14.2,13.8,13.5,13.3,13.2,13.1,13,12.9,12.8,12.7,12.6,12.5,12.3,12.1,11.9,11.7,11.4,11.1,10.8,10.5,10.1,9.8,9.5,9.2,8.9,8.6,8.4,8.1,7.8,
Sierra Leone,SLE,"Mortality rate, neonatal (per 1,000 live births)",SH.DYN.NMRT,,,,,,,,,,,,,,,,,,,,,,,,,,,,,,52.6,52.4,52.1,51.9,51.6,51.4,51,50.6,50.1,49.5,49,48.4,47.8,47.2,46.5,45.7,44.9,44.1,43.1,41.9,40.7,39.5,38.4,37.4,36.5,35.7,35,34.1,33.4,32.7,32,31.4,
El Salvador,SLV,"Mortality rate, neonatal (per 1,000 live births)",SH.DYN.NMRT,,,,,,,,,,,,,,,,,,,,,,,,,,25.9,25.2,24.6,24,23.5,22.9,22.2,21.4,20.6,19.7,18.9,18.1,17.4,16.7,15.9,15,14.1,13.4,12.8,12.1,11.6,11.1,10.6,10.1,9.7,9.3,8.9,8.5,8.2,7.8,7.5,7.2,7,6.7,6.5,6.2,
San Marino,SMR,"Mortality rate, neonatal (per 1,000 live births)",SH.DYN.NMRT,,,,,,,,,,,,,,,,,,,,,,,,,,,,,,8.1,7.3,6.6,6,5.5,5,4.5,4.1,3.7,3.4,3.1,2.8,2.6,2.4,2.2,2,1.8,1.7,1.6,1.5,1.4,1.3,1.3,1.2,1.1,1.1,1,1,0.9,0.9,0.8,0.8,
Somalia,SOM,"Mortality rate, neonatal (per 1,000 live births)",SH.DYN.NMRT,,,,,,,,,,,,,,,,,,,,,,,,48.2,47.8,47.3,46.9,46.6,46.2,45.9,45.5,45.1,44.8,44.7,44.5,44.4,44.3,44.2,44.2,44.4,44.7,44.9,45.3,45.6,45.7,45.9,45.9,45.5,45,44.3,43.6,42.9,42.4,41.6,40.8,40,39.3,38.7,38.1,37.4,36.8,
Serbia,SRB,"Mortality rate, neonatal (per 1,000 live births)",SH.DYN.NMRT,,,,,,,,,,,,,,,,,,,,,,,,,,,,,,19.3,17.4,15.8,14.9,14.3,13.5,12.2,10.8,9.6,8.7,8.1,7.8,7.5,7.1,6.5,6,5.6,5.2,5.1,5,4.9,4.8,4.7,4.5,4.4,4.2,4,3.8,3.7,3.6,3.6,3.6,
Sub-Saharan Africa (excluding high income),SSA,"Mortality rate, neonatal (per 1,000 live births)",SH.DYN.NMRT,,,,,,,,,,,,,,,,,,,,,,,,,,,,,,,45.54224621,45.12983211,44.7807279,44.41831994,44.07290425,43.61340637,43.14238694,42.56227942,41.8839574,41.1195573,40.28308437,39.38529449,38.45852985,37.55865847,36.66137734,35.80841767,35.03906678,34.30057795,33.62662899,32.96269539,32.33388743,31.74325349,31.18356342,30.66923462,30.15086357,29.67062874,29.17732944,28.68507392,28.15026023,27.64085654,27.13639402,
South Sudan,SSD,"Mortality rate, neonatal (per 1,000 live births)",SH.DYN.NMRT,,,,,,,,,,,,,,,,,,,,,,,,,,,,,,64.1,63.5,62.9,62.4,62,61.3,60.7,60,59.2,58.3,57.3,56,54.9,53.5,52.3,51,49.8,48.5,47.1,45.7,44.3,43,41.7,40.9,40.4,40.3,40.3,40.4,40.5,40.4,40.3,40.2,
Sub-Saharan Africa,SSF,"Mortality rate, neonatal (per 1,000 live births)",SH.DYN.NMRT,,,,,,,,,,,,,,,,,,,,,,,,,,,,,,,45.5,45.1,44.8,44.4,44.1,43.6,43.1,42.6,41.9,41.1,40.3,39.4,38.5,37.5,36.7,35.8,35,34.3,33.6,33,32.3,31.7,31.2,30.7,30.2,29.7,29.2,28.7,28.2,27.6,27.1,
Small states,SST,"Mortality rate, neonatal (per 1,000 live births)",SH.DYN.NMRT,,,,,,,,,,,,,,,,,,,,,,,,,,,,,,,30.19479549,29.88746488,29.55851376,29.19194015,28.81255612,28.46160889,28.05236497,27.64402352,27.22984502,26.82630062,26.4361222,26.06519319,25.7274229,25.39725699,25.07460346,24.74047425,24.38476618,24.04863265,23.72761685,23.42747149,23.120998,22.85479037,22.59116651,22.31277395,22.03049245,21.7346598,21.4063815,21.06196387,20.7042595,20.32951271,19.93488317,
Sao Tome and Principe,STP,"Mortality rate, neonatal (per 1,000 live births)",SH.DYN.NMRT,,,,,,,,,,,,,,,,,,,,,,,,,,26.1,26.5,26.2,26.2,26.2,26,25.8,25.4,24.9,24.5,24,23.5,23.1,22.8,22.6,22.2,21.8,21.3,20.6,19.8,19.1,18.5,17.9,17.4,16.8,16.1,15.1,14,13,12,11.1,10.2,9.4,8.8,8.2,7.8,
Suriname,SUR,"Mortality rate, neonatal (per 1,000 live births)",SH.DYN.NMRT,,,,,,,,,,,,,,,,,,,,,,,,,,,,,,21.2,20.7,20.3,19.9,19.5,19.1,18.8,18.5,18,17.6,17.3,17.1,17,17,17,17,16.8,16.5,16.1,15.7,15.2,14.8,14.3,13.9,13.4,13.1,12.7,12.4,12,11.6,11.2,10.9,
Slovak Republic,SVK,"Mortality rate, neonatal (per 1,000 live births)",SH.DYN.NMRT,,,,,,,,,,,,,,,,,,,,,,,12.4,11.8,11.2,10.7,10.3,9.8,9.3,9,8.6,8.4,8.1,7.9,7.5,7.1,6.6,6.1,5.6,5.3,5,4.8,4.6,4.3,4,3.8,3.6,3.5,3.4,3.4,3.3,3.3,3.3,3.2,3.1,3.1,3,3,3,3,3,
Slovenia,SVN,"Mortality rate, neonatal (per 1,000 live births)",SH.DYN.NMRT,,,,,,,,,,,,,,,,,,,,,,,10.6,10,9.4,8.7,8,7.4,6.7,6.2,5.8,5.3,5,4.6,4.3,4,3.8,3.7,3.5,3.4,3.2,3.1,2.9,2.8,2.6,2.4,2.3,2.1,2,1.9,1.8,1.7,1.6,1.5,1.5,1.4,1.4,1.3,1.3,1.3,1.2,
Sweden,SWE,"Mortality rate, neonatal (per 1,000 live births)",SH.DYN.NMRT,13.1,12.8,12.4,11.9,11.3,10.8,10.4,10.1,9.9,9.7,9.3,8.8,8.3,7.8,7.3,6.7,6.3,5.8,5.5,5.2,4.9,4.7,4.5,4.4,4.2,4.1,4,3.9,3.8,3.6,3.5,3.4,3.2,3.1,2.9,2.7,2.6,2.4,2.4,2.3,2.3,2.3,2.2,2.1,2,1.9,1.8,1.8,1.7,1.7,1.6,1.6,1.6,1.6,1.6,1.6,1.5,1.5,1.5,1.5,1.4,
Eswatini,SWZ,"Mortality rate, neonatal (per 1,000 live births)",SH.DYN.NMRT,,,,,,,,,,,,,,,,,,,,,,,,25,24.3,23.9,23.4,23,22.7,22.5,22.3,22.4,22.5,22.7,23,23.4,23.8,24.3,24.8,25.1,25.3,25.2,24.9,24.5,23.9,23.3,22.8,22.4,22.3,22.3,22.4,22.5,22.6,22.5,22.4,22.1,21.8,21.5,21.1,20.7,20.3,
Sint Maarten (Dutch part),SXM,"Mortality rate, neonatal (per 1,000 live births)",SH.DYN.NMRT,,,,,,,,,,,,,,,,,,,,,,,,,,,,,,,,,,,,,,,,,,,,,,,,,,,,,,,,,,,,,,
Seychelles,SYC,"Mortality rate, neonatal (per 1,000 live births)",SH.DYN.NMRT,,,,,,,,,,,,,,,,,,,,,,,,,,,13.2,12.5,12,11.4,11,10.5,10.1,9.8,9.5,9.2,9,8.9,8.8,8.7,8.7,8.7,8.6,8.6,8.6,8.6,8.6,8.6,8.6,8.6,8.7,8.7,8.8,8.9,8.9,9,9,8.9,8.8,8.6,8.4,
Syrian Arab Republic,SYR,"Mortality rate, neonatal (per 1,000 live births)",SH.DYN.NMRT,22.6,22.2,21.9,21.6,21.5,21.4,21.5,21.6,21.8,21.8,21.7,21.4,21.1,20.7,20.4,20.3,20.5,20.8,21.1,21.3,21.2,21,20.8,20,19.5,19,18.5,17.9,17.4,17,16.5,16,15.4,14.9,14.4,14,13.6,13.2,12.8,12.5,12.1,11.8,11.5,11.2,11,10.7,10.5,10.4,10.2,10.1,10.1,10.1,10.4,10.6,10.8,10.8,10.9,10.8,10.8,10.8,10.7,
Turks and Caicos Islands,TCA,"Mortality rate, neonatal (per 1,000 live births)",SH.DYN.NMRT,,,,,,,,,,,,,,,,,,,,,,,,,,,,,,,,,,,,,,,,,,,,,,,,,,,,,,,,,,,,,,
Chad,TCD,"Mortality rate, neonatal (per 1,000 live births)",SH.DYN.NMRT,,,,,,,,,,,,,,62.1,62.1,62,62,61.8,61.3,60.8,60.1,59.4,58.8,58.1,57.4,56.6,55.8,54.9,53.9,52.9,51.8,50.8,50,49.3,48.8,48.3,47.7,47,46.1,45.1,44.1,43.2,42.2,41.4,40.6,39.9,39.4,38.9,38.6,38.2,37.8,37.5,37.1,36.6,36.1,35.5,35,34.5,33.8,33.3,32.8,
East Asia & Pacific (IDA & IBRD countries),TEA,"Mortality rate, neonatal (per 1,000 live births)",SH.DYN.NMRT,,,,,,,,,,,,,,,,,,,,,,,,,,,,,,,29.07770029,28.70815792,28.25850448,27.60470021,26.82632307,25.91074837,24.95948057,24.01617919,23.11727546,22.19329351,21.31940784,20.20230759,19.07267088,17.98910016,16.86917353,15.83217715,14.82866703,13.94792581,13.1444479,12.32510947,11.66305245,10.97464317,10.42050438,9.860578282,9.334843745,8.868824244,8.470372093,8.087012025,7.714580914,7.353737293,7.107302495,
Europe & Central Asia (IDA & IBRD countries),TEC,"Mortality rate, neonatal (per 1,000 live births)",SH.DYN.NMRT,,,,,,,,,,,,,,,,,,,,,,,,,,,,,,,19.76455932,19.63070412,19.55266432,19.44352542,19.23967972,18.88186812,18.38242371,17.79839551,17.17971836,16.50282342,15.8175298,15.06117826,14.23548006,13.43774318,12.73360663,12.03777036,11.38697467,10.70605173,9.992664458,9.391638477,8.892241863,8.44284627,8.001756542,7.602057642,7.194934819,6.793148932,6.411827899,6.13216862,5.829396145,5.582100763,5.320546049,
Togo,TGO,"Mortality rate, neonatal (per 1,000 live births)",SH.DYN.NMRT,,,,,,57.3,56.9,56.6,56.2,55.8,55.3,54.9,54.5,54.1,53.6,53.1,52.4,51.6,50.8,50.1,49.4,48.8,48.3,47.8,47.3,46.8,46.2,45.6,45,44.4,43.8,43.2,42.6,41.9,41.3,40.6,39.9,39.2,38.4,37.5,36.7,35.8,35,34.3,33.6,32.9,32.2,31.5,30.8,30.1,29.5,28.9,28.4,27.8,27.4,26.9,26.4,25.9,25.4,25,24.5,
Thailand,THA,"Mortality rate, neonatal (per 1,000 live births)",SH.DYN.NMRT,57.3,56.5,55.6,54.7,53.6,52.5,51.3,50.2,48.9,47.5,46,44.5,43,41.4,39.9,38.3,36.7,35.3,33.8,32.4,31,29.6,28.4,27.2,26.1,25.1,24.2,23.3,22.5,21.6,20.8,19.8,18.8,17.8,16.9,16,15.2,14.5,13.7,13,12.4,11.8,11.2,10.7,10.2,9.7,9.2,8.8,8.4,8,7.7,7.3,7,6.7,6.4,6.1,5.9,5.6,5.4,5.1,4.9,
Tajikistan,TJK,"Mortality rate, neonatal (per 1,000 live births)",SH.DYN.NMRT,,,,,,,,,,,,,,,,,,,,,,,,,,,,,,31.4,30.9,30.6,30.6,30.5,30.4,30.3,30.3,30.1,29.8,29.3,28.4,27.2,26,24.8,23.8,23.1,22.5,22,21.5,20.8,20.1,19.2,18.3,17.5,16.8,16.3,15.9,15.4,15,14.5,14,
Turkmenistan,TKM,"Mortality rate, neonatal (per 1,000 live births)",SH.DYN.NMRT,,,,,,,,,,,,,,,,,,,,,,,,,,,,,26.1,26.2,26.7,27.3,28.1,28.7,29.4,29.9,30.2,30.3,30.3,30,29.6,29,28.3,27.5,26.7,25.8,25,24.2,23.7,23.3,23,22.9,22.8,22.8,23,23.3,23.5,23.8,23.9,23.8,23.5,
Latin America & the Caribbean (IDA & IBRD countries),TLA,"Mortality rate, neonatal (per 1,000 live births)",SH.DYN.NMRT,,,,,,,,,,,,,,,,,,,,,,,,,,,,,,,22.86768991,22.1754841,21.57238565,20.93606551,20.29220716,19.62890567,18.91965662,18.25771283,17.64759926,17.02977667,16.34160245,15.63091013,14.92320978,14.24183915,13.63418996,13.11775272,12.63651283,12.23155893,11.86228512,11.51419412,11.27270684,10.96434167,10.70653191,10.44373158,10.1404041,10.09302361,10.13834356,9.852676354,9.700313911,9.419553598,9.155511219,
Timor-Leste,TLS,"Mortality rate, neonatal (per 1,000 live births)",SH.DYN.NMRT,,,,,,,,,,,,,,,,,,,,,,,,,,,61.5,60.4,59.4,58.3,56.9,55.3,53.5,51.5,49.4,47.4,45.3,43.3,41.4,39.7,37.8,36,34.2,32.6,31,29.5,28.3,27.2,26.2,25.4,24.7,24.1,23.5,22.9,22.4,21.9,21.4,20.9,20.4,19.9,19.4,
Middle East & North Africa (IDA & IBRD countries),TMN,"Mortality rate, neonatal (per 1,000 live births)",SH.DYN.NMRT,,,,,,,,,,,,,,,,,,,,,,,,,,,,,,,29.05505547,28.29714942,27.58477182,26.8996762,26.25398422,25.65429696,25.06179187,24.48626553,23.95013131,23.37881839,22.80822918,22.22765478,21.62905947,21.02492531,20.40844359,19.77499947,19.1335894,18.50949157,17.84004518,17.20388112,16.55628778,16.03844698,15.56270623,15.12966962,14.65736912,14.2467439,13.93210136,13.67842112,13.45042703,13.21816535,12.93800925,
Tonga,TON,"Mortality rate, neonatal (per 1,000 live births)",SH.DYN.NMRT,,,,,,,,,,,,,,,,,,,,,,,,,,,,,,10.1,9.8,9.4,9,8.7,8.4,8.1,7.9,7.7,7.5,7.4,7.1,7,6.8,6.6,6.4,6.2,6,5.8,5.7,5.6,5.5,5.4,5.4,5.4,5.4,5.3,5.3,5.3,5.2,5.1,5,
South Asia (IDA & IBRD),TSA,"Mortality rate, neonatal (per 1,000 live births)",SH.DYN.NMRT,,,,,,,,,,,,,,,,,,,,,,,,,,,,,,,58.70650263,57.4539682,56.20777721,55.08942199,53.87140644,52.716697,51.49269723,50.18842149,48.87050682,47.55359209,46.18669582,44.83165557,43.49169444,42.17217274,40.89508201,39.7767833,38.61125424,37.52492352,36.54586444,35.51425109,34.39938556,33.33917792,32.27450109,31.18664481,30.12221115,29.08866295,28.06991985,27.00647596,26.03388997,24.8635538,23.83372154,
Sub-Saharan Africa (IDA & IBRD countries),TSS,"Mortality rate, neonatal (per 1,000 live births)",SH.DYN.NMRT,,,,,,,,,,,,,,,,,,,,,,,,,,,,,,,45.53967894,45.12733971,44.77831612,44.41599944,44.07067479,43.61126876,43.14033709,42.56031601,41.88206767,41.1177316,40.28131924,39.38358619,38.45687027,37.55705394,36.65983035,35.80693139,35.0376412,34.29921591,33.62532918,32.96145815,32.33271569,31.74213784,31.18250365,30.66822416,30.14989476,29.66970224,29.17644008,28.68421896,28.14944262,27.64007253,27.13564442,
Trinidad and Tobago,TTO,"Mortality rate, neonatal (per 1,000 live births)",SH.DYN.NMRT,37.5,36.7,35.9,35.2,34.5,33.9,33.3,32.8,32.3,31.8,31.2,30.6,30,29.4,28.8,28.1,27.5,26.9,26.3,25.7,25.1,24.5,24,23.3,22.7,22,21.4,20.9,20.4,19.9,19.6,19.2,18.9,18.7,18.5,18.4,18.2,18.2,18.1,18,18,17.8,17.6,17.4,17,16.6,16.2,15.7,15.3,14.9,14.4,14,13.6,13.2,12.8,12.4,12,11.7,11.3,11,10.6,
Tunisia,TUN,"Mortality rate, neonatal (per 1,000 live births)",SH.DYN.NMRT,,,,,,51.4,50.6,49.9,49.3,48.7,47.9,47.1,46,44.8,43.5,42,40.5,39,37.6,36.3,35.2,34.2,33.3,32.3,31.4,30.6,29.8,29.2,28.7,28.3,27.8,27.3,26.8,26.2,25.4,24.4,23.4,22.3,20.9,19.6,18.3,17.2,16.3,15.5,14.7,14.1,13.6,13.2,12.8,12.5,12.3,12.2,12.1,12.1,12,12.1,12.1,12.1,12.1,12,11.8,
Turkiye,TUR,"Mortality rate, neonatal (per 1,000 live births)",SH.DYN.NMRT,63.1,62.1,61.1,60.2,59.3,58.7,58.1,57.7,57.3,57,56.6,56.1,55.4,54.6,53.5,52.2,50.6,48.8,47.2,45.7,44.3,43,41.8,40.5,39.3,38.1,37.1,36.2,35.4,34.3,33.1,31.5,29.7,27.8,26,24.2,22.7,21.4,20.3,19.2,18.2,17.1,15.9,14.9,14,13,12.1,11.3,10.4,9.7,9,8.3,7.7,7.2,6.7,6.3,6,5.8,5.5,5.3,5,
Tuvalu,TUV,"Mortality rate, neonatal (per 1,000 live births)",SH.DYN.NMRT,,,,,,,,,,,,,,,,,,,,,,,,,,,,,,28.3,28.2,28,27.7,27.4,27,26.7,26.2,25.7,25.1,24.7,24.3,24.1,23.8,23.5,23,22.3,21.4,20.2,18.8,17.5,16.4,15.3,14.4,13.6,13,12.3,11.8,11.3,10.8,10.4,10.1,
Tanzania,TZA,"Mortality rate, neonatal (per 1,000 live births)",SH.DYN.NMRT,,,,,,,,,47.1,46.6,46,45.4,44.9,44.4,44.1,43.8,43.5,43.3,43.1,42.9,42.8,42.8,42.9,42.9,42.8,42.5,42.1,41.6,41.1,40.5,39.9,39.3,38.8,38.4,37.9,37.5,37,36.4,35.7,34.8,33.7,32.5,31.3,30.2,29.1,28.1,27.4,26.6,26,25.4,24.9,24.3,23.8,23.3,22.8,22.3,21.9,21.5,21,20.6,20.1,
Uganda,UGA,"Mortality rate, neonatal (per 1,000 live births)",SH.DYN.NMRT,,,,,,59.5,58.5,57.3,56.1,55,53.8,52.9,52.2,51.8,51.8,51.9,52.2,52.6,53,53.2,52.9,52.2,51,49.5,47.9,46.2,44.6,43.1,41.8,40.5,39.3,38,37,36,35.4,35,34.6,34.2,33.7,33.1,32.3,31.4,30.5,29.5,28.7,27.9,27.3,26.7,26.1,25.5,25,24.5,24,23.4,22.7,22.1,21.5,20.8,20.3,19.8,19.2,
Ukraine,UKR,"Mortality rate, neonatal (per 1,000 live births)",SH.DYN.NMRT,,,,,,,,,,,,,,,,,,,,,,,,,14.1,13.6,13.1,12.6,12.3,12,11.8,11.8,11.9,12,12.2,12.3,12.3,12.1,11.9,11.5,11,10.5,9.9,9.4,9,8.6,8.3,8,7.6,7.3,7,6.6,6.3,6,5.8,5.6,5.4,5.3,5.1,5,4.8,
Upper middle income,UMC,"Mortality rate, neonatal (per 1,000 live births)",SH.DYN.NMRT,,,,,,,,,,,,,,,,,,,,,,,,,,,,,,,26.1,25.7,25.2,24.5,23.8,22.9,22,21.2,20.3,19.4,18.6,17.5,16.4,15.3,14.2,13.2,12.2,11.4,10.6,9.9,9.3,8.8,8.3,7.9,7.4,7.1,6.8,6.5,6.2,5.9,5.7,
Uruguay,URY,"Mortality rate, neonatal (per 1,000 live births)",SH.DYN.NMRT,,,,,,,,,,,22.7,23.8,25.6,27.4,27.7,25.8,23.1,20.9,19.5,18.4,17.4,16.3,15.2,14.5,13.9,13.5,13.2,12.7,12.2,11.7,11.3,11.1,11.2,11.2,10.9,10.2,9.4,9,8.8,8.7,8.5,8.4,8.2,8,7.8,7.3,6.8,6.1,5.4,5,4.8,4.8,5,5.1,5.2,5,4.8,4.4,4,4,4.1,
United States,USA,"Mortality rate, neonatal (per 1,000 live births)",SH.DYN.NMRT,,,,,,,,,15.8,15.5,15,14.4,13.6,12.9,12.2,11.5,10.8,10.1,9.5,8.9,8.4,8,7.7,7.5,7.2,7,6.7,6.5,6.2,6,5.8,5.6,5.4,5.3,5.1,5,4.9,4.8,4.8,4.7,4.6,4.6,4.6,4.6,4.6,4.5,4.4,4.3,4.3,4.2,4.1,4.1,4.1,4,4,3.9,3.8,3.8,3.7,3.5,3.4,
Uzbekistan,UZB,"Mortality rate, neonatal (per 1,000 live births)",SH.DYN.NMRT,,,,,,,,,,,,,,,,,,,,,,,,,,,,,,30.7,30.5,30.5,30.5,30.6,30.5,30.4,30.1,29.8,29.3,28.6,27.8,26.9,25.8,24.7,23.6,22.4,21.2,20,18.4,16.9,15.5,14.3,13.1,12.1,11.2,10.4,9.8,9.2,8.6,8.1,7.6,
St. Vincent and the Grenadines,VCT,"Mortality rate, neonatal (per 1,000 live births)",SH.DYN.NMRT,,,,,,,,,,,24.5,24,23.4,22.9,22.4,22.2,22.2,22.3,22,21.3,20.3,19,17.8,17,16.2,15.2,14.4,13.8,13.3,12.9,12.7,12.5,12.6,12.6,12.8,12.9,13.1,13.1,13.2,13.2,13.1,13.1,13.1,13.1,13,12.9,12.9,12.9,12.8,12.7,12.6,12.3,11.9,11.5,11,10.6,10.2,9.8,9.4,9.1,8.8,
"Venezuela, RB",VEN,"Mortality rate, neonatal (per 1,000 live births)",SH.DYN.NMRT,,,,,,,,,,,,,,,,,,,,,,,,,,,,,,12.2,12.8,13.6,14.3,14.4,13.8,12.9,12.1,11.5,11.3,11.6,11.1,10.6,10.1,9.9,10.2,10.6,10.5,10.2,10.1,10.2,10.5,10.9,11.3,11.5,11.3,14.5,14.6,14.7,14.6,14.6,14.6,
British Virgin Islands,VGB,"Mortality rate, neonatal (per 1,000 live births)",SH.DYN.NMRT,,,,,,,,,,,,,,,,,,,,,,,,,,,,,,,,,,,,,,,,,,,,,,,,,,,,,,,,,,,,,,
Virgin Islands (U.S.),VIR,"Mortality rate, neonatal (per 1,000 live births)",SH.DYN.NMRT,,,,,,,,,,,,,,,,,,,,,,,,,,,,,,,,,,,,,,,,,,,,,,,,,,,,,,,,,,,,,,
Vietnam,VNM,"Mortality rate, neonatal (per 1,000 live births)",SH.DYN.NMRT,,,,,,,,,,,,,,,28.1,27.8,27.5,27.1,26.7,26.4,26,25.7,25.5,25.3,25.2,25.1,25,24.8,24.6,24.2,23.7,23.1,22.4,21.5,20.7,19.8,18.9,17.9,16.8,15.9,15,14.4,13.8,13.3,12.9,12.6,12.3,12.1,12,11.8,11.7,11.6,11.5,11.3,11.2,11.1,10.9,10.7,10.5,10.2,10,
Vanuatu,VUT,"Mortality rate, neonatal (per 1,000 live births)",SH.DYN.NMRT,,,,,,,,,,,,,,,,,,,,,,,,,,,,,,17.1,16.3,15.5,14.9,14.3,13.8,13.4,13.1,12.8,12.5,12.2,12,11.9,11.8,11.9,12,12.1,12.2,12.3,12.3,12.4,12.4,12.5,12.5,12.4,12.2,12,11.7,11.5,11.1,10.9,10.5,
World,WLD,"Mortality rate, neonatal (per 1,000 live births)",SH.DYN.NMRT,,,,,,,,,,,,,,,,,,,,,,,,,,,,,,,36.7,36.2,35.7,35.3,34.7,34.1,33.5,32.8,32,31.3,30.4,29.5,28.6,27.7,26.8,25.9,25.1,24.3,23.6,22.8,22.1,21.5,20.9,20.3,19.8,19.3,18.8,18.3,17.9,17.4,17,
Samoa,WSM,"Mortality rate, neonatal (per 1,000 live births)",SH.DYN.NMRT,,,,,,,,,,,,,,,,,,,,,,,,,,,,,,13.4,12.9,12.5,12,11.6,11.1,10.6,10.2,9.8,9.4,9.1,8.7,8.4,8.2,8,7.8,7.8,7.7,7.7,7.8,7.9,7.8,7.8,7.7,7.6,7.5,7.4,7.3,7.2,7,6.9,6.7,
Kosovo,XKX,"Mortality rate, neonatal (per 1,000 live births)",SH.DYN.NMRT,,,,,,,,,,,,,,,,,,,,,,,,,,,,,,,,,,,,,,,,,,,,,,,,,,,,,,,,,,,,,,
"Yemen, Rep.",YEM,"Mortality rate, neonatal (per 1,000 live births)",SH.DYN.NMRT,,85,84.4,83.8,83.1,82.3,81.4,80.3,78.9,77.3,75.7,74.1,72.6,71.1,69.6,67.9,66.2,64.4,62.6,60.8,58.9,56.9,54.9,53,51.1,49.5,48.1,46.8,45.7,44.6,43.6,42.7,42,41.3,40.8,40.4,40,39.5,38.8,38,37,36,35,34,32.9,32,31,30,29.1,28.5,28.1,28,28,28.1,28.1,28.2,28.2,28.2,28.2,28.2,28.1,
South Africa,ZAF,"Mortality rate, neonatal (per 1,000 live births)",SH.DYN.NMRT,,,,,,,,,,,,,,,,28.5,28.1,27.8,27.5,27.1,26.7,26.2,25.6,25,24.3,23.7,23.1,22.6,22.1,21.7,21.2,20.9,20.7,20.3,20,19.6,19.2,18.6,18,17.5,16.9,16.4,15.9,15.4,14.8,14.4,13.9,13.4,13,12.5,12,11.6,11.3,11.1,11,11.1,11.1,11.1,11,10.8,10.6,
Zambia,ZMB,"Mortality rate, neonatal (per 1,000 live births)",SH.DYN.NMRT,,,,,,,,,,36.4,36.1,35.7,35.2,34.7,34.3,34.1,34.1,34.2,34.3,34.6,34.8,35,35.2,35.5,35.9,36.2,36.5,36.7,36.8,36.6,36.2,35.7,35.4,35,34.8,34.8,34.9,34.9,35,34.8,34.3,33.3,31.9,30.5,29.1,27.9,27.1,26.6,26.3,26.1,26,25.8,25.6,25.5,25.4,25.3,25.2,25,24.7,24.4,24,
Zimbabwe,ZWE,"Mortality rate, neonatal (per 1,000 live births)",SH.DYN.NMRT,,,,,,32.3,32.1,32,31.9,32,32.1,32.4,32.8,33.2,33.6,34,34.1,33.9,33.6,33.1,32.5,31.7,30.8,29.9,29,28,27.2,26.5,25.8,25.1,24.4,23.9,23.7,23.7,24,24.4,24.7,24.7,24.6,24.5,24.6,25.2,26.1,27.2,28.2,29.1,30,30.7,31.2,31.2,30.8,30.1,29.4,28.7,28.2,27.8,27.4,27,26.6,26.2,25.7,
